row,cluster,persona,split,year,cgpa,gender,living,department,backlog,Evaluation,Workload,FutureMacro,SupportGap,Financial,CGPA_ord,silhouette_sample
0,2,Future-confident & Light workload & Financially secure,holdout,4th Year,3.80–4.00,Male,Hall,CSE,0,2.0,4.5,3.0,4.0,1.0,5.0,0.093
1,1,High-achieving & Future-anxious & Well-supported,train,4th Year,3.50–3.79,Male,Hall,CSE,0,3.0,4.5,4.5,2.5,2.0,4.0,0.264
2,1,High-achieving & Future-anxious & Well-supported,holdout,4th Year,3.50–3.79,Male,Hall,CSE,0,2.0,5.0,5.0,4.0,1.0,4.0,0.111
3,0,Low-CGPA & Financially strained & Unsupported,train,3rd Year,3.50–3.79,Male,Hall,CSE,0,3.667,5.0,4.5,5.0,2.0,4.0,0.005
4,0,Low-CGPA & Financially strained & Unsupported,holdout,3rd Year,3.50–3.79,Male,Hall,CSE,0,5.0,4.0,4.0,4.5,4.0,4.0,0.075
5,1,High-achieving & Future-anxious & Well-supported,train,2nd Year,3.50–3.79,Male,Family,CSE,1,2.333,4.25,5.0,3.0,2.0,4.0,0.196
6,1,High-achieving & Future-anxious & Well-supported,train,3rd Year,3.50–3.79,Female,Hall,CSE,0,4.0,4.0,3.5,3.0,3.0,4.0,0.166
7,1,High-achieving & Future-anxious & Well-supported,train,3rd Year,3.50–3.79,Male,Hall,CSE,0,4.333,4.75,5.0,3.5,4.0,4.0,0.036
8,2,Future-confident & Light workload & Financially secure,train,3rd Year,3.00–3.49,Male,Family,CSE,0,4.333,3.5,4.5,3.5,1.0,3.0,-0.071
9,1,High-achieving & Future-anxious & Well-supported,train,3rd Year,3.50–3.79,Female,Mess,CSE,0,2.333,4.25,4.0,3.0,3.0,4.0,0.111
10,0,Low-CGPA & Financially strained & Unsupported,train,3rd Year,3.00–3.49,Male,Hall,CSE,0,3.333,4.25,3.5,2.5,5.0,3.0,0.125
11,2,Future-confident & Light workload & Financially secure,holdout,3rd Year,3.50–3.79,Female,Mess,CSE,0,3.0,4.25,3.0,4.5,2.0,4.0,0.109
12,0,Low-CGPA & Financially strained & Unsupported,train,3rd Year,3.00–3.49,Male,Hall,CSE,0,4.667,4.75,5.0,2.5,5.0,3.0,0.107
13,0,Low-CGPA & Financially strained & Unsupported,holdout,3rd Year,3.50–3.79,Male,Hall,CSE,0,5.0,4.75,5.0,4.0,5.0,4.0,0.097
14,0,Low-CGPA & Financially strained & Unsupported,train,3rd Year,3.00–3.49,Male,Hall,CSE,0,4.333,5.0,4.5,3.5,4.0,3.0,0.2
15,2,Future-confident & Light workload & Financially secure,train,3rd Year,3.00–3.49,Female,Hall,CSE,0,4.0,3.75,4.0,3.5,1.0,3.0,0.013
16,1,High-achieving & Future-anxious & Well-supported,train,2nd Year,3.50–3.79,Male,Family,CSE,0,3.667,4.5,4.5,2.5,3.0,4.0,0.262
17,0,Low-CGPA & Financially strained & Unsupported,train,2nd Year,3.50–3.79,Male,Hall,CSE,0,3.0,4.75,4.5,5.0,4.0,4.0,0.118
18,0,Low-CGPA & Financially strained & Unsupported,train,3rd Year,3.00–3.49,Male,Hall,CSE,0,4.0,4.25,4.5,5.0,5.0,3.0,0.287
19,0,Low-CGPA & Financially strained & Unsupported,holdout,2nd Year,3.00–3.49,Male,Other,CSE,0,4.0,4.75,5.0,5.0,2.0,3.0,0.105
20,2,Future-confident & Light workload & Financially secure,holdout,2nd Year,3.50–3.79,Male,Family,CSE,0,3.333,4.25,3.5,4.5,2.0,4.0,-0.002
21,2,Future-confident & Light workload & Financially secure,train,2nd Year,3.50–3.79,Male,Mess,CSE,0,4.333,3.75,2.0,2.0,2.0,4.0,0.124
22,0,Low-CGPA & Financially strained & Unsupported,train,2nd Year,3.00–3.49,Male,Mess,CSE,0,3.667,4.25,3.5,1.5,5.0,3.0,0.023
23,1,High-achieving & Future-anxious & Well-supported,train,2nd Year,3.80–4.00,Female,Hall,CSE,0,3.667,4.75,4.0,2.0,1.0,5.0,0.23
24,1,High-achieving & Future-anxious & Well-supported,train,2nd Year,3.50–3.79,Male,Mess,CSE,0,5.0,4.5,5.0,2.0,2.0,4.0,0.252
25,0,Low-CGPA & Financially strained & Unsupported,train,2nd Year,3.00–3.49,Female,Hall,CSE,0,4.333,4.75,4.5,4.5,5.0,3.0,0.301
26,0,Low-CGPA & Financially strained & Unsupported,holdout,2nd Year,3.00–3.49,Male,Other,CSE,0,4.667,4.5,5.0,2.0,5.0,3.0,0.042
27,1,High-achieving & Future-anxious & Well-supported,train,2nd Year,3.80–4.00,Male,Mess,CSE,0,5.0,4.0,5.0,3.0,3.0,5.0,0.286
28,0,Low-CGPA & Financially strained & Unsupported,holdout,3rd Year,3.00–3.49,Male,Hall,CSE,0,3.667,4.75,3.5,4.5,5.0,3.0,0.297
29,0,Low-CGPA & Financially strained & Unsupported,holdout,2nd Year,3.00–3.49,Male,Mess,CSE,0,4.333,4.5,5.0,3.0,5.0,3.0,0.159
30,1,High-achieving & Future-anxious & Well-supported,train,3rd Year,3.50–3.79,Male,Hall,CSE,0,5.0,5.0,5.0,3.0,3.0,4.0,0.129
31,1,High-achieving & Future-anxious & Well-supported,train,2nd Year,3.50–3.79,Male,Mess,CSE,0,3.333,3.75,5.0,3.5,5.0,4.0,0.026
32,1,High-achieving & Future-anxious & Well-supported,train,2nd Year,3.80–4.00,Female,Mess,CSE,0,2.333,3.75,5.0,1.5,1.0,5.0,0.137
33,1,High-achieving & Future-anxious & Well-supported,train,2nd Year,3.50–3.79,Male,Mess,CSE,0,2.667,3.75,5.0,2.0,3.0,4.0,0.235
34,1,High-achieving & Future-anxious & Well-supported,train,2nd Year,3.80–4.00,Female,Mess,CSE,0,5.0,4.5,5.0,3.5,5.0,5.0,0.109
35,1,High-achieving & Future-anxious & Well-supported,train,2nd Year,3.80–4.00,Male,Mess,CSE,0,5.0,4.5,4.5,4.0,3.0,5.0,0.178
36,1,High-achieving & Future-anxious & Well-supported,train,2nd Year,3.50–3.79,Female,Other,CSE,0,5.0,5.0,4.5,2.5,2.0,4.0,0.2
37,0,Low-CGPA & Financially strained & Unsupported,train,2nd Year,3.00–3.49,Male,Mess,CSE,0,4.0,5.0,5.0,3.5,5.0,3.0,0.215
38,0,Low-CGPA & Financially strained & Unsupported,holdout,2nd Year,3.00–3.49,Male,Mess,CSE,0,4.667,4.0,4.5,4.0,4.0,3.0,0.191
39,2,Future-confident & Light workload & Financially secure,train,3rd Year,2.50–2.99,Male,Hall,CSE,0,1.667,3.5,4.5,4.5,2.0,2.0,0.043
40,2,Future-confident & Light workload & Financially secure,holdout,3rd Year,3.00–3.49,Male,Hall,CSE,0,3.667,3.5,4.0,3.0,2.0,3.0,0.02
41,2,Future-confident & Light workload & Financially secure,train,3rd Year,3.50–3.79,Male,Mess,CSE,0,4.667,3.25,2.0,5.0,1.0,4.0,0.166
42,0,Low-CGPA & Financially strained & Unsupported,train,2nd Year,2.50–2.99,Male,Mess,CSE,0,3.333,4.75,3.5,2.0,5.0,2.0,0.184
43,2,Future-confident & Light workload & Financially secure,train,2nd Year,2.50–2.99,Male,Mess,CSE,1,2.0,1.5,2.0,3.5,3.0,2.0,0.232
44,0,Low-CGPA & Financially strained & Unsupported,holdout,2nd Year,3.00–3.49,Male,Mess,CSE,0,4.0,4.75,3.5,3.5,4.0,3.0,0.216
45,1,High-achieving & Future-anxious & Well-supported,train,2nd Year,3.80–4.00,Female,Mess,CSE,0,3.333,4.25,4.0,2.5,2.0,5.0,0.247
46,0,Low-CGPA & Financially strained & Unsupported,train,2nd Year,3.50–3.79,Male,Mess,CSE,0,3.0,4.0,4.0,5.0,4.0,4.0,0.101
47,0,Low-CGPA & Financially strained & Unsupported,train,3rd Year,3.00–3.49,Male,Hall,CSE,0,3.333,3.75,3.0,5.0,5.0,3.0,0.177
48,2,Future-confident & Light workload & Financially secure,train,2nd Year,3.50–3.79,Female,Hall,CSE,0,4.0,4.0,3.0,4.0,3.0,4.0,-0.003
49,2,Future-confident & Light workload & Financially secure,train,2nd Year,3.00–3.49,Male,Mess,CSE,0,2.0,4.25,2.5,3.0,1.0,3.0,0.238
50,1,High-achieving & Future-anxious & Well-supported,train,2nd Year,3.50–3.79,Male,Mess,CSE,0,3.0,5.0,4.0,2.5,1.0,4.0,0.155
51,1,High-achieving & Future-anxious & Well-supported,train,2nd Year,3.50–3.79,Female,Other,CSE,0,3.0,5.0,5.0,2.5,2.0,4.0,0.227
52,0,Low-CGPA & Financially strained & Unsupported,train,2nd Year,3.00–3.49,Male,Mess,CSE,0,4.333,4.75,3.5,4.0,4.0,3.0,0.251
53,0,Low-CGPA & Financially strained & Unsupported,train,2nd Year,2.50–2.99,Male,Mess,CSE,0,3.667,3.75,3.5,3.0,4.0,2.0,0.179
54,0,Low-CGPA & Financially strained & Unsupported,train,3rd Year,3.00–3.49,Female,Other,CSE,0,4.0,4.25,4.5,3.5,3.0,3.0,0.067
55,1,High-achieving & Future-anxious & Well-supported,train,1st Year,3.80–4.00,Female,Mess,CSE,0,5.0,5.0,5.0,5.0,1.0,5.0,0.113
56,1,High-achieving & Future-anxious & Well-supported,train,1st Year,3.80–4.00,Male,Mess,CSE,0,4.667,4.0,4.5,2.5,2.0,5.0,0.345
57,1,High-achieving & Future-anxious & Well-supported,train,2nd Year,3.50–3.79,Male,Mess,CSE,0,4.667,4.75,5.0,3.0,4.0,4.0,0.092
58,1,High-achieving & Future-anxious & Well-supported,holdout,1st Year,3.80–4.00,Male,Mess,CSE,0,2.333,4.0,4.5,2.5,5.0,5.0,0.189
59,1,High-achieving & Future-anxious & Well-supported,train,1st Year,3.80–4.00,Male,Mess,CSE,0,4.333,4.25,3.0,3.5,5.0,5.0,0.055
60,0,Low-CGPA & Financially strained & Unsupported,train,1st Year,3.80–4.00,Male,Other,CSE,0,3.0,4.25,4.0,5.0,5.0,5.0,0.026
61,1,High-achieving & Future-anxious & Well-supported,train,1st Year,3.50–3.79,Male,Mess,CSE,0,4.667,5.0,5.0,1.0,4.0,4.0,0.17
62,1,High-achieving & Future-anxious & Well-supported,train,1st Year,3.50–3.79,Male,Other,CSE,0,5.0,3.5,5.0,2.0,3.0,4.0,0.244
63,1,High-achieving & Future-anxious & Well-supported,holdout,1st Year,3.80–4.00,Male,Mess,CSE,0,3.333,4.0,4.5,3.5,4.0,5.0,0.232
64,2,Future-confident & Light workload & Financially secure,train,1st Year,3.50–3.79,Male,Mess,CSE,0,1.667,2.75,5.0,2.0,1.0,4.0,0.044
65,0,Low-CGPA & Financially strained & Unsupported,train,2nd Year,2.50–2.99,Male,Mess,CSE,1,1.333,4.75,4.0,3.0,3.0,2.0,0.05
66,1,High-achieving & Future-anxious & Well-supported,train,1st Year,3.80–4.00,Female,Family,CSE,0,4.667,4.0,3.5,3.0,2.0,5.0,0.199
67,1,High-achieving & Future-anxious & Well-supported,train,1st Year,3.80–4.00,Male,Mess,CSE,0,2.667,4.75,4.5,3.5,2.0,5.0,0.243
68,2,Future-confident & Light workload & Financially secure,train,3rd Year,3.00–3.49,Male,Other,CSE,0,1.333,3.5,3.0,4.0,1.0,3.0,0.261
69,1,High-achieving & Future-anxious & Well-supported,holdout,3rd Year,3.80–4.00,Female,Mess,CSE,0,4.0,4.75,4.5,4.0,3.0,5.0,0.194
70,0,Low-CGPA & Financially strained & Unsupported,train,3rd Year,3.00–3.49,Male,Hall,CSE,0,5.0,5.0,5.0,5.0,5.0,3.0,0.247
71,1,High-achieving & Future-anxious & Well-supported,train,1st Year,3.80–4.00,Male,Mess,CSE,0,4.333,5.0,5.0,3.0,4.0,5.0,0.209
72,1,High-achieving & Future-anxious & Well-supported,train,2nd Year,3.50–3.79,Female,Hall,CSE,0,4.0,4.5,4.5,3.0,4.0,4.0,0.124
73,0,Low-CGPA & Financially strained & Unsupported,train,3rd Year,3.00–3.49,Female,Mess,CSE,0,4.667,5.0,5.0,3.5,5.0,3.0,0.21
74,2,Future-confident & Light workload & Financially secure,train,1st Year,3.00–3.49,Male,Other,CSE,0,3.333,3.25,4.5,1.5,3.0,3.0,-0.097
75,0,Low-CGPA & Financially strained & Unsupported,train,2nd Year,2.50–2.99,Male,Family,CSE,0,4.667,2.25,4.0,5.0,5.0,2.0,0.135
76,1,High-achieving & Future-anxious & Well-supported,holdout,1st Year,3.50–3.79,Female,Mess,CSE,0,4.333,4.5,5.0,5.0,1.0,4.0,0.068
77,2,Future-confident & Light workload & Financially secure,train,2nd Year,3.50–3.79,Male,Mess,CSE,0,3.0,3.25,3.5,3.0,1.0,4.0,0.183
78,1,High-achieving & Future-anxious & Well-supported,train,2nd Year,3.80–4.00,Male,Mess,CSE,0,3.333,4.5,3.5,4.0,4.0,5.0,0.097
79,0,Low-CGPA & Financially strained & Unsupported,train,1st Year,Below 2.50,Male,Family,CSE,0,4.667,4.0,4.5,2.5,5.0,1.0,0.238
80,1,High-achieving & Future-anxious & Well-supported,holdout,2nd Year,3.50–3.79,Male,Mess,CSE,0,3.667,3.5,4.0,2.0,3.0,4.0,0.171
81,0,Low-CGPA & Financially strained & Unsupported,train,2nd Year,3.00–3.49,Male,Mess,CSE,0,4.0,3.25,4.0,3.5,4.0,3.0,0.088
82,1,High-achieving & Future-anxious & Well-supported,train,2nd Year,3.80–4.00,Male,Hall,CSE,0,3.333,3.25,5.0,1.0,5.0,5.0,0.233
83,2,Future-confident & Light workload & Financially secure,train,2nd Year,2.50–2.99,Male,Mess,CSE,0,4.0,3.5,3.0,2.5,3.0,2.0,0.046
84,2,Future-confident & Light workload & Financially secure,train,3rd Year,3.50–3.79,Male,Hall,CSE,0,3.667,3.25,4.0,2.5,2.0,4.0,-0.049
85,0,Low-CGPA & Financially strained & Unsupported,holdout,2nd Year,2.50–2.99,Male,Family,CSE,1,3.667,4.0,5.0,3.5,2.0,2.0,0.083
86,0,Low-CGPA & Financially strained & Unsupported,train,1st Year,3.00–3.49,Male,Mess,CSE,0,4.333,3.75,4.5,3.0,5.0,3.0,0.132
87,0,Low-CGPA & Financially strained & Unsupported,holdout,3rd Year,2.50–2.99,Male,Hall,CSE,1,5.0,4.5,3.0,4.0,3.0,2.0,0.223
88,1,High-achieving & Future-anxious & Well-supported,train,1st Year,3.80–4.00,Female,Hall,CSE,0,3.333,4.25,3.5,2.0,2.0,5.0,0.152
89,0,Low-CGPA & Financially strained & Unsupported,train,1st Year,3.50–3.79,Female,Other,CSE,0,5.0,5.0,5.0,3.0,5.0,4.0,0.009
90,1,High-achieving & Future-anxious & Well-supported,train,2nd Year,3.50–3.79,Male,Mess,CSE,0,1.333,4.5,4.5,3.0,4.0,4.0,0.069
91,0,Low-CGPA & Financially strained & Unsupported,train,1st Year,Below 2.50,Female,Hall,CSE,0,5.0,4.75,4.0,2.5,5.0,1.0,0.255
92,1,High-achieving & Future-anxious & Well-supported,train,2nd Year,3.80–4.00,Male,Family,CSE,0,4.667,4.5,5.0,4.5,5.0,5.0,0.019
93,0,Low-CGPA & Financially strained & Unsupported,train,2nd Year,3.00–3.49,Female,Mess,CSE,0,5.0,4.25,4.0,2.0,5.0,3.0,0.069
94,1,High-achieving & Future-anxious & Well-supported,train,3rd Year,3.50–3.79,Male,Hall,CSE,0,3.667,5.0,4.0,2.5,4.0,4.0,0.109
95,1,High-achieving & Future-anxious & Well-supported,train,2nd Year,3.50–3.79,Male,Mess,CSE,0,4.667,3.75,4.5,3.5,2.0,4.0,0.21
96,1,High-achieving & Future-anxious & Well-supported,train,1st Year,3.50–3.79,Male,Mess,CSE,0,3.0,3.75,5.0,1.0,3.0,4.0,0.234
97,1,High-achieving & Future-anxious & Well-supported,train,2nd Year,3.50–3.79,Male,Hall,CSE,0,4.667,3.25,5.0,3.5,5.0,4.0,0.038
98,1,High-achieving & Future-anxious & Well-supported,train,2nd Year,3.50–3.79,Female,Family,CSE,0,4.333,4.0,5.0,1.5,4.0,4.0,0.231
99,0,Low-CGPA & Financially strained & Unsupported,train,4th Year,3.00–3.49,Male,Hall,CSE,0,3.667,4.25,4.0,4.0,4.0,3.0,0.234
100,2,Future-confident & Light workload & Financially secure,holdout,2nd Year,3.80–4.00,Male,Other,CSE,0,2.667,2.5,4.5,5.0,5.0,5.0,-0.043
101,1,High-achieving & Future-anxious & Well-supported,holdout,3rd Year,3.50–3.79,Male,Mess,CSE,0,3.333,4.5,4.0,2.5,4.0,4.0,0.154
102,0,Low-CGPA & Financially strained & Unsupported,holdout,3rd Year,3.00–3.49,Male,Hall,CSE,0,4.0,4.75,5.0,3.5,5.0,3.0,0.217
103,0,Low-CGPA & Financially strained & Unsupported,holdout,2nd Year,3.00–3.49,Male,Mess,CSE,0,4.667,4.25,3.5,2.0,5.0,3.0,0.082
104,1,High-achieving & Future-anxious & Well-supported,train,2nd Year,3.00–3.49,Male,Mess,CSE,0,4.667,4.0,5.0,3.0,1.0,3.0,0.136
105,2,Future-confident & Light workload & Financially secure,train,2nd Year,3.50–3.79,Male,Mess,CSE,0,2.667,3.0,3.0,2.5,1.0,4.0,0.252
106,2,Future-confident & Light workload & Financially secure,train,1st Year,3.00–3.49,Male,Family,CSE,0,3.667,3.0,4.0,3.0,1.0,3.0,0.129
107,1,High-achieving & Future-anxious & Well-supported,train,2nd Year,3.80–4.00,Female,Hall,CSE,0,4.0,3.75,4.5,3.5,3.0,5.0,0.295
108,2,Future-confident & Light workload & Financially secure,holdout,1st Year,3.00–3.49,Female,Other,CSE,0,4.333,4.0,3.0,2.5,2.0,3.0,0.052
109,1,High-achieving & Future-anxious & Well-supported,train,1st Year,3.50–3.79,Male,Mess,CSE,0,5.0,3.5,4.5,2.0,1.0,4.0,0.191
110,2,Future-confident & Light workload & Financially secure,train,2nd Year,3.80–4.00,Male,Mess,CSE,0,4.0,2.5,3.5,3.5,1.0,5.0,0.097
111,0,Low-CGPA & Financially strained & Unsupported,train,2nd Year,3.00–3.49,Male,Mess,CSE,0,4.667,4.0,4.0,1.5,5.0,3.0,0.004
112,2,Future-confident & Light workload & Financially secure,holdout,3rd Year,3.00–3.49,Male,Mess,CSE,0,2.667,4.5,3.5,3.5,1.0,3.0,0.107
113,0,Low-CGPA & Financially strained & Unsupported,holdout,2nd Year,3.00–3.49,Male,Mess,CSE,0,3.333,4.25,4.5,3.0,4.0,3.0,0.089
114,0,Low-CGPA & Financially strained & Unsupported,train,1st Year,Below 2.50,Male,Mess,CSE,0,4.0,4.0,3.0,1.0,5.0,1.0,0.123
115,0,Low-CGPA & Financially strained & Unsupported,train,1st Year,Below 2.50,Male,Mess,CSE,0,4.0,4.25,3.5,1.0,5.0,1.0,0.142
116,0,Low-CGPA & Financially strained & Unsupported,train,1st Year,2.50–2.99,Male,Mess,CSE,0,4.667,5.0,3.5,2.0,2.0,2.0,0.051
117,1,High-achieving & Future-anxious & Well-supported,train,1st Year,3.80–4.00,Male,Mess,CSE,0,3.667,4.5,4.5,2.5,3.0,5.0,0.35
118,1,High-achieving & Future-anxious & Well-supported,train,1st Year,3.50–3.79,Male,Mess,CSE,0,3.333,3.75,4.5,2.5,3.0,4.0,0.27
119,2,Future-confident & Light workload & Financially secure,train,1st Year,3.50–3.79,Male,Mess,CSE,0,3.667,2.75,5.0,3.0,1.0,4.0,-0.065
120,0,Low-CGPA & Financially strained & Unsupported,train,1st Year,2.50–2.99,Male,Mess,CSE,0,4.333,4.25,4.0,3.5,5.0,2.0,0.324
121,1,High-achieving & Future-anxious & Well-supported,train,1st Year,3.80–4.00,Male,Other,CSE,0,3.667,3.0,5.0,2.5,2.0,5.0,0.204
122,1,High-achieving & Future-anxious & Well-supported,train,2nd Year,3.50–3.79,Male,Mess,CSE,0,4.333,5.0,4.0,3.0,3.0,4.0,0.128
123,0,Low-CGPA & Financially strained & Unsupported,holdout,2nd Year,3.00–3.49,Male,Mess,CSE,0,5.0,4.75,4.0,2.5,4.0,3.0,0.086
124,0,Low-CGPA & Financially strained & Unsupported,holdout,2nd Year,3.80–4.00,Male,Other,CSE,0,4.333,4.0,3.0,5.0,4.0,5.0,0.0
125,0,Low-CGPA & Financially strained & Unsupported,train,1st Year,2.50–2.99,Male,Mess,CSE,0,5.0,4.5,3.5,2.5,4.0,2.0,0.194
126,1,High-achieving & Future-anxious & Well-supported,train,3rd Year,3.50–3.79,Female,Mess,CSE,0,2.667,4.5,4.5,3.0,3.0,4.0,0.182
127,1,High-achieving & Future-anxious & Well-supported,holdout,1st Year,3.50–3.79,Female,Hall,CSE,0,4.0,3.25,4.5,3.0,5.0,4.0,0.084
128,1,High-achieving & Future-anxious & Well-supported,train,1st Year,3.50–3.79,Male,Family,CSE,0,3.667,3.5,5.0,2.5,2.0,4.0,0.25
129,1,High-achieving & Future-anxious & Well-supported,train,3rd Year,3.80–4.00,Male,Hall,CSE,0,5.0,3.75,3.5,4.0,4.0,5.0,0.106
130,1,High-achieving & Future-anxious & Well-supported,train,1st Year,3.80–4.00,Male,Mess,CSE,0,4.667,4.25,4.5,3.5,2.0,5.0,0.288
131,0,Low-CGPA & Financially strained & Unsupported,holdout,3rd Year,3.00–3.49,Female,Mess,CSE,0,5.0,4.75,3.5,3.5,5.0,3.0,0.236
132,2,Future-confident & Light workload & Financially secure,train,2nd Year,3.00–3.49,Female,Mess,CSE,0,5.0,2.0,3.5,3.5,2.0,3.0,0.114
133,0,Low-CGPA & Financially strained & Unsupported,holdout,2nd Year,3.00–3.49,Male,Mess,CSE,0,4.667,5.0,3.5,3.5,2.0,3.0,0.054
134,2,Future-confident & Light workload & Financially secure,holdout,2nd Year,3.50–3.79,Male,Mess,CSE,0,2.667,2.0,3.0,2.5,1.0,4.0,0.25
135,1,High-achieving & Future-anxious & Well-supported,holdout,1st Year,3.80–4.00,Male,Mess,CSE,0,4.667,4.5,5.0,2.0,2.0,5.0,0.33
136,0,Low-CGPA & Financially strained & Unsupported,train,1st Year,Below 2.50,Female,Mess,CSE,0,4.0,4.5,3.5,3.5,3.0,1.0,0.237
137,1,High-achieving & Future-anxious & Well-supported,train,2nd Year,3.50–3.79,Male,Other,CSE,0,5.0,3.5,5.0,2.5,3.0,4.0,0.228
138,0,Low-CGPA & Financially strained & Unsupported,holdout,2nd Year,3.00–3.49,Female,Other,CSE,0,5.0,4.5,3.0,3.5,4.0,3.0,0.176
139,1,High-achieving & Future-anxious & Well-supported,train,2nd Year,3.80–4.00,Male,Hall,CSE,0,4.0,4.25,5.0,2.5,5.0,5.0,0.226
140,1,High-achieving & Future-anxious & Well-supported,train,4th Year,3.50–3.79,Male,Hall,CSE,0,2.333,5.0,5.0,4.0,2.0,4.0,0.093
141,2,Future-confident & Light workload & Financially secure,holdout,1st Year,3.50–3.79,Male,Mess,CSE,0,2.333,4.5,2.0,4.0,1.0,4.0,0.203
142,0,Low-CGPA & Financially strained & Unsupported,holdout,3rd Year,3.00–3.49,Male,Hall,CSE,1,4.667,4.25,4.0,3.5,4.0,3.0,0.186
143,1,High-achieving & Future-anxious & Well-supported,train,3rd Year,3.50–3.79,Male,Hall,CSE,0,3.667,3.75,4.5,2.0,2.0,4.0,0.238
144,1,High-achieving & Future-anxious & Well-supported,holdout,2nd Year,3.50–3.79,Male,Mess,CSE,0,4.0,4.75,4.5,3.0,4.0,4.0,0.1
145,2,Future-confident & Light workload & Financially secure,train,3rd Year,3.80–4.00,Male,Hall,CSE,0,3.667,4.0,2.5,2.0,1.0,5.0,0.07
146,1,High-achieving & Future-anxious & Well-supported,holdout,2nd Year,3.80–4.00,Male,Mess,CSE,0,4.333,4.0,4.5,4.0,4.0,5.0,0.169
147,1,High-achieving & Future-anxious & Well-supported,holdout,2nd Year,3.50–3.79,Male,Mess,CSE,0,2.667,3.0,5.0,2.5,4.0,4.0,0.151
148,0,Low-CGPA & Financially strained & Unsupported,train,2nd Year,3.00–3.49,Male,Other,CSE,0,2.667,4.0,4.5,3.5,3.0,3.0,0.024
149,0,Low-CGPA & Financially strained & Unsupported,train,2nd Year,3.00–3.49,Male,Hall,CSE,0,4.0,4.5,4.5,4.5,5.0,3.0,0.3
150,1,High-achieving & Future-anxious & Well-supported,train,2nd Year,3.80–4.00,Male,Mess,CSE,0,4.667,5.0,4.5,5.0,1.0,5.0,0.115
151,1,High-achieving & Future-anxious & Well-supported,holdout,2nd Year,3.50–3.79,Male,Mess,CSE,0,4.667,3.75,3.5,2.5,2.0,4.0,0.121
152,1,High-achieving & Future-anxious & Well-supported,train,2nd Year,3.80–4.00,Female,Family,CSE,0,5.0,4.5,4.5,3.0,5.0,5.0,0.145
153,0,Low-CGPA & Financially strained & Unsupported,holdout,2nd Year,Below 2.50,Male,Mess,CSE,0,4.0,4.0,5.0,1.0,5.0,1.0,0.108
154,0,Low-CGPA & Financially strained & Unsupported,train,2nd Year,2.50–2.99,Male,Hall,CSE,1,4.0,4.75,3.0,3.5,4.0,2.0,0.274
155,1,High-achieving & Future-anxious & Well-supported,train,2nd Year,3.50–3.79,Male,Hall,CSE,0,2.333,4.5,5.0,4.0,2.0,4.0,0.118
156,2,Future-confident & Light workload & Financially secure,holdout,2nd Year,3.50–3.79,Male,Mess,CSE,0,4.333,3.25,2.5,1.5,4.0,4.0,0.025
157,0,Low-CGPA & Financially strained & Unsupported,holdout,3rd Year,3.00–3.49,Male,Hall,CSE,0,4.667,5.0,3.5,5.0,5.0,3.0,0.285
158,1,High-achieving & Future-anxious & Well-supported,train,3rd Year,3.80–4.00,Male,Hall,CSE,0,2.0,4.0,4.5,2.0,1.0,5.0,0.085
159,1,High-achieving & Future-anxious & Well-supported,train,2nd Year,3.80–4.00,Female,Hall,CSE,0,3.333,4.75,4.5,2.0,2.0,5.0,0.324
160,1,High-achieving & Future-anxious & Well-supported,train,2nd Year,3.80–4.00,Male,Mess,CSE,0,4.0,3.25,4.0,3.0,5.0,5.0,0.18
161,0,Low-CGPA & Financially strained & Unsupported,train,3rd Year,3.00–3.49,Male,Hall,CSE,0,2.667,4.5,4.5,4.0,3.0,3.0,0.103
162,1,High-achieving & Future-anxious & Well-supported,train,2nd Year,3.00–3.49,Female,Mess,CSE,0,4.667,3.75,4.5,3.0,2.0,3.0,0.102
163,1,High-achieving & Future-anxious & Well-supported,holdout,3rd Year,3.50–3.79,Male,Hall,CSE,0,3.667,4.5,4.0,3.0,4.0,4.0,0.099
164,2,Future-confident & Light workload & Financially secure,train,2nd Year,3.80–4.00,Male,Other,CSE,0,3.333,2.75,4.0,2.5,3.0,5.0,-0.059
165,0,Low-CGPA & Financially strained & Unsupported,train,3rd Year,3.00–3.49,Male,Mess,CSE,0,3.667,4.25,3.5,5.0,4.0,3.0,0.255
166,2,Future-confident & Light workload & Financially secure,train,2nd Year,3.50–3.79,Male,Mess,CSE,0,2.667,3.5,2.5,2.5,4.0,4.0,0.149
167,0,Low-CGPA & Financially strained & Unsupported,holdout,2nd Year,2.50–2.99,Male,Other,CSE,0,2.667,3.75,4.0,3.5,4.0,2.0,0.165
168,1,High-achieving & Future-anxious & Well-supported,train,2nd Year,3.50–3.79,Male,Mess,CSE,0,4.0,4.75,4.5,3.0,4.0,4.0,0.1
169,1,High-achieving & Future-anxious & Well-supported,train,3rd Year,3.50–3.79,Male,Family,CSE,0,3.333,4.25,3.5,2.0,3.0,4.0,0.156
170,1,High-achieving & Future-anxious & Well-supported,train,3rd Year,3.50–3.79,Female,Hall,CSE,0,5.0,4.25,4.0,3.5,3.0,4.0,0.104
171,2,Future-confident & Light workload & Financially secure,holdout,3rd Year,3.00–3.49,Female,Other,CSE,0,5.0,4.75,2.5,4.0,1.0,3.0,0.007
172,0,Low-CGPA & Financially strained & Unsupported,holdout,3rd Year,Below 2.50,Female,Mess,CSE,1,4.667,3.75,4.5,5.0,2.0,1.0,0.197
173,0,Low-CGPA & Financially strained & Unsupported,holdout,3rd Year,2.50–2.99,Male,Mess,CSE,1,3.333,4.25,3.5,3.0,3.0,2.0,0.127
174,2,Future-confident & Light workload & Financially secure,train,3rd Year,3.00–3.49,Male,Hall,CSE,0,3.0,3.25,3.0,3.0,3.0,3.0,0.23
175,2,Future-confident & Light workload & Financially secure,train,2nd Year,3.00–3.49,Male,Mess,CSE,0,3.0,3.5,4.5,3.0,3.0,3.0,-0.074
176,0,Low-CGPA & Financially strained & Unsupported,train,3rd Year,3.50–3.79,Male,Hall,CSE,0,4.0,4.75,5.0,4.0,5.0,4.0,0.101
177,2,Future-confident & Light workload & Financially secure,holdout,3rd Year,3.50–3.79,Male,Hall,CSE,0,2.667,3.5,4.0,3.0,2.0,4.0,0.042
178,1,High-achieving & Future-anxious & Well-supported,holdout,3rd Year,3.50–3.79,Male,Hall,CSE,0,3.667,5.0,5.0,2.5,4.0,4.0,0.14
179,0,Low-CGPA & Financially strained & Unsupported,train,2nd Year,3.00–3.49,Female,Other,CSE,0,5.0,4.5,4.5,2.5,4.0,3.0,0.055
180,1,High-achieving & Future-anxious & Well-supported,holdout,3rd Year,3.50–3.79,Male,Hall,CSE,0,5.0,4.5,3.5,3.0,2.0,4.0,0.157
181,2,Future-confident & Light workload & Financially secure,train,2nd Year,3.00–3.49,Male,Other,CSE,0,1.667,3.25,3.0,4.0,4.0,3.0,0.137
182,0,Low-CGPA & Financially strained & Unsupported,train,2nd Year,3.00–3.49,Male,Mess,CSE,0,5.0,4.5,4.0,2.5,5.0,3.0,0.137
183,1,High-achieving & Future-anxious & Well-supported,holdout,2nd Year,3.00–3.49,Female,Mess,CSE,0,4.333,3.5,5.0,3.5,1.0,3.0,0.115
184,0,Low-CGPA & Financially strained & Unsupported,train,2nd Year,3.50–3.79,Female,Mess,CSE,0,5.0,4.25,3.0,4.0,5.0,4.0,0.117
185,2,Future-confident & Light workload & Financially secure,train,2nd Year,3.00–3.49,Male,Mess,CSE,0,3.667,3.5,3.0,2.0,3.0,3.0,0.111
186,0,Low-CGPA & Financially strained & Unsupported,holdout,2nd Year,3.00–3.49,Male,Mess,CSE,1,4.0,3.75,5.0,3.5,4.0,3.0,0.091
187,2,Future-confident & Light workload & Financially secure,train,2nd Year,3.00–3.49,Male,Mess,CSE,0,4.333,4.0,3.0,4.0,1.0,3.0,0.119
188,2,Future-confident & Light workload & Financially secure,train,2nd Year,3.00–3.49,Female,Mess,CSE,0,4.333,4.0,3.5,4.0,1.0,3.0,0.05
189,1,High-achieving & Future-anxious & Well-supported,train,2nd Year,3.80–4.00,Male,Mess,CSE,0,3.667,4.75,5.0,2.5,3.0,5.0,0.319
190,2,Future-confident & Light workload & Financially secure,train,2nd Year,3.50–3.79,Male,Mess,CSE,0,4.0,4.25,2.5,3.5,4.0,4.0,-0.049
191,0,Low-CGPA & Financially strained & Unsupported,train,2nd Year,3.00–3.49,Male,Other,CSE,0,4.333,4.5,5.0,5.0,3.0,3.0,0.172
192,0,Low-CGPA & Financially strained & Unsupported,train,2nd Year,3.00–3.49,Male,Family,CSE,0,5.0,5.0,4.0,5.0,3.0,3.0,0.2
193,0,Low-CGPA & Financially strained & Unsupported,holdout,2nd Year,2.50–2.99,Male,Other,CSE,1,4.333,4.5,5.0,2.5,5.0,2.0,0.207
194,1,High-achieving & Future-anxious & Well-supported,train,2nd Year,3.50–3.79,Female,Other,CSE,0,4.0,4.5,4.0,2.5,4.0,4.0,0.153
195,1,High-achieving & Future-anxious & Well-supported,holdout,2nd Year,3.80–4.00,Female,Family,CSE,0,3.667,4.25,4.5,3.5,5.0,5.0,0.145
196,1,High-achieving & Future-anxious & Well-supported,train,3rd Year,3.50–3.79,Male,Hall,CSE,0,3.333,4.75,5.0,3.0,4.0,4.0,0.114
197,1,High-achieving & Future-anxious & Well-supported,train,2nd Year,3.80–4.00,Female,Hall,CSE,0,4.333,4.25,4.0,3.5,3.0,5.0,0.263
198,1,High-achieving & Future-anxious & Well-supported,train,3rd Year,3.80–4.00,Male,Family,CSE,0,3.0,4.5,4.0,3.0,1.0,5.0,0.154
199,1,High-achieving & Future-anxious & Well-supported,train,2nd Year,3.80–4.00,Female,Hall,CSE,0,2.667,4.75,5.0,2.5,4.0,5.0,0.237
200,1,High-achieving & Future-anxious & Well-supported,train,3rd Year,3.50–3.79,Male,Hall,CSE,0,3.667,4.0,4.0,1.5,2.0,4.0,0.185
201,0,Low-CGPA & Financially strained & Unsupported,train,2nd Year,3.00–3.49,Male,Mess,CSE,1,2.333,4.25,4.0,5.0,5.0,3.0,0.227
202,2,Future-confident & Light workload & Financially secure,train,1st Year,3.00–3.49,Male,Mess,CSE,0,4.333,4.25,3.5,2.0,2.0,3.0,-0.095
203,1,High-achieving & Future-anxious & Well-supported,holdout,1st Year,3.00–3.49,Male,Mess,CSE,0,5.0,4.5,3.5,2.0,3.0,3.0,0.031
204,0,Low-CGPA & Financially strained & Unsupported,train,2nd Year,3.00–3.49,Male,Mess,CSE,0,2.333,5.0,5.0,3.5,5.0,3.0,0.146
205,0,Low-CGPA & Financially strained & Unsupported,train,1st Year,3.00–3.49,Male,Mess,CSE,0,4.0,4.5,3.5,3.0,3.0,3.0,0.061
206,2,Future-confident & Light workload & Financially secure,holdout,2nd Year,2.50–2.99,Male,Other,CSE,1,1.667,4.75,3.0,2.5,3.0,2.0,0.032
207,1,High-achieving & Future-anxious & Well-supported,train,1st Year,3.80–4.00,Male,Mess,CSE,0,4.333,4.75,4.0,2.0,4.0,5.0,0.26
208,0,Low-CGPA & Financially strained & Unsupported,train,1st Year,Below 2.50,Male,Mess,CSE,0,3.0,4.25,3.5,2.5,3.0,1.0,0.095
209,2,Future-confident & Light workload & Financially secure,train,1st Year,Below 2.50,Female,Family,CSE,1,3.0,3.75,3.5,4.5,2.0,1.0,-0.028
210,0,Low-CGPA & Financially strained & Unsupported,train,1st Year,3.50–3.79,Male,Hall,CSE,0,4.333,5.0,3.0,3.0,5.0,4.0,0.071
211,1,High-achieving & Future-anxious & Well-supported,train,1st Year,3.80–4.00,Male,Family,CSE,0,4.0,5.0,4.5,3.0,3.0,5.0,0.272
212,0,Low-CGPA & Financially strained & Unsupported,train,2nd Year,3.00–3.49,Male,Mess,CSE,0,4.667,4.5,4.5,4.0,4.0,3.0,0.228
213,1,High-achieving & Future-anxious & Well-supported,train,1st Year,3.80–4.00,Male,Mess,CSE,0,3.667,5.0,5.0,3.0,5.0,5.0,0.146
214,0,Low-CGPA & Financially strained & Unsupported,train,2nd Year,3.50–3.79,Female,Mess,CSE,0,4.333,3.75,5.0,4.0,5.0,4.0,0.037
215,1,High-achieving & Future-anxious & Well-supported,train,1st Year,3.50–3.79,Male,Other,CSE,0,3.667,4.0,4.0,2.0,2.0,4.0,0.197
216,2,Future-confident & Light workload & Financially secure,train,1st Year,3.00–3.49,Female,Mess,CSE,0,4.667,4.0,3.5,2.5,1.0,3.0,-0.02
217,0,Low-CGPA & Financially strained & Unsupported,train,2nd Year,2.50–2.99,Male,Mess,CSE,0,3.333,4.0,3.0,3.0,5.0,2.0,0.194
218,1,High-achieving & Future-anxious & Well-supported,train,1st Year,3.50–3.79,Male,Family,CSE,0,4.333,4.0,3.0,1.5,4.0,4.0,0.131
219,2,Future-confident & Light workload & Financially secure,holdout,1st Year,3.80–4.00,Female,Mess,CSE,0,3.667,2.75,2.5,2.0,3.0,5.0,0.115
220,1,High-achieving & Future-anxious & Well-supported,holdout,1st Year,3.50–3.79,Male,Mess,CSE,0,4.0,4.25,4.0,2.0,4.0,4.0,0.203
221,1,High-achieving & Future-anxious & Well-supported,train,1st Year,3.50–3.79,Male,Mess,CSE,0,3.667,3.5,4.0,2.5,3.0,4.0,0.168
222,1,High-achieving & Future-anxious & Well-supported,train,1st Year,3.80–4.00,Male,Mess,CSE,0,3.667,3.75,3.5,2.5,3.0,5.0,0.169
223,0,Low-CGPA & Financially strained & Unsupported,train,1st Year,3.00–3.49,Female,Mess,CSE,0,4.0,4.75,3.5,5.0,3.0,3.0,0.214
224,2,Future-confident & Light workload & Financially secure,train,1st Year,3.50–3.79,Male,Mess,CSE,0,4.0,3.0,4.0,3.0,1.0,4.0,0.034
225,0,Low-CGPA & Financially strained & Unsupported,train,2nd Year,3.00–3.49,Male,Mess,CSE,0,4.0,4.5,4.5,2.5,4.0,3.0,0.048
226,1,High-achieving & Future-anxious & Well-supported,train,1st Year,3.00–3.49,Male,Mess,CSE,0,4.0,3.75,4.5,3.0,2.0,3.0,0.116
227,0,Low-CGPA & Financially strained & Unsupported,holdout,2nd Year,3.50–3.79,Male,Mess,CSE,0,3.333,4.5,3.5,4.0,5.0,4.0,0.13
228,0,Low-CGPA & Financially strained & Unsupported,train,1st Year,Below 2.50,Male,Other,CSE,0,3.0,4.5,3.0,3.0,3.0,1.0,0.093
229,0,Low-CGPA & Financially strained & Unsupported,train,2nd Year,3.00–3.49,Male,Mess,CSE,0,2.667,4.5,5.0,2.5,4.0,3.0,-0.004
230,2,Future-confident & Light workload & Financially secure,train,2nd Year,3.00–3.49,Male,Mess,CSE,0,4.667,2.5,5.0,3.5,2.0,3.0,-0.069
231,2,Future-confident & Light workload & Financially secure,train,2nd Year,3.00–3.49,Male,Mess,CSE,0,3.333,2.0,3.5,2.5,4.0,3.0,0.143
232,1,High-achieving & Future-anxious & Well-supported,train,1st Year,3.80–4.00,Male,Family,CSE,0,4.333,3.5,5.0,3.0,4.0,5.0,0.267
233,2,Future-confident & Light workload & Financially secure,train,1st Year,3.50–3.79,Female,Other,CSE,0,3.667,3.5,3.5,3.0,1.0,4.0,0.095
234,2,Future-confident & Light workload & Financially secure,train,1st Year,3.50–3.79,Male,Family,CSE,0,3.667,3.0,3.5,1.0,1.0,4.0,0.069
235,2,Future-confident & Light workload & Financially secure,holdout,1st Year,Below 2.50,Female,Mess,CSE,0,4.667,5.0,2.5,2.5,1.0,1.0,-0.031
236,1,High-achieving & Future-anxious & Well-supported,holdout,1st Year,3.50–3.79,Female,Mess,CSE,0,5.0,3.75,4.0,5.0,1.0,4.0,0.062
237,0,Low-CGPA & Financially strained & Unsupported,train,2nd Year,3.00–3.49,Male,Mess,CSE,0,3.333,3.25,3.5,3.5,5.0,3.0,0.115
238,0,Low-CGPA & Financially strained & Unsupported,train,2nd Year,3.00–3.49,Female,Hall,CSE,0,5.0,4.25,3.5,2.5,5.0,3.0,0.13
239,1,High-achieving & Future-anxious & Well-supported,holdout,2nd Year,3.80–4.00,Male,Mess,CSE,0,2.0,4.0,3.5,3.5,5.0,5.0,0.072
240,1,High-achieving & Future-anxious & Well-supported,train,2nd Year,3.50–3.79,Female,Hall,CSE,0,3.667,3.75,4.0,3.0,4.0,4.0,0.142
241,1,High-achieving & Future-anxious & Well-supported,train,1st Year,3.50–3.79,Male,Other,CSE,0,5.0,4.75,5.0,2.5,4.0,4.0,0.124
242,1,High-achieving & Future-anxious & Well-supported,holdout,2nd Year,3.50–3.79,Female,Family,CSE,0,3.667,4.25,4.5,3.0,2.0,4.0,0.274
243,1,High-achieving & Future-anxious & Well-supported,train,3rd Year,3.50–3.79,Male,Hall,CSE,0,4.333,4.75,4.5,4.0,1.0,4.0,0.145
244,0,Low-CGPA & Financially strained & Unsupported,holdout,2nd Year,2.50–2.99,Male,Mess,CSE,1,4.333,4.5,5.0,2.0,3.0,2.0,0.051
245,0,Low-CGPA & Financially strained & Unsupported,train,2nd Year,2.50–2.99,Male,Other,CSE,0,3.667,4.75,3.0,2.0,5.0,2.0,0.183
246,0,Low-CGPA & Financially strained & Unsupported,train,1st Year,Below 2.50,Female,Mess,CSE,0,3.333,5.0,5.0,4.0,4.0,1.0,0.276
247,0,Low-CGPA & Financially strained & Unsupported,train,4th Year,3.50–3.79,Male,Hall,CSE,0,3.667,4.5,4.0,3.0,5.0,4.0,0.003
248,1,High-achieving & Future-anxious & Well-supported,train,2nd Year,3.50–3.79,Female,Mess,CSE,0,3.0,4.75,4.5,2.5,1.0,4.0,0.207
249,0,Low-CGPA & Financially strained & Unsupported,train,3rd Year,3.00–3.49,Male,Other,CSE,0,4.0,4.75,3.5,4.0,5.0,3.0,0.29
250,0,Low-CGPA & Financially strained & Unsupported,holdout,2nd Year,3.00–3.49,Male,Mess,CSE,0,3.333,4.5,4.0,3.0,3.0,3.0,0.029
251,2,Future-confident & Light workload & Financially secure,train,3rd Year,3.00–3.49,Female,Mess,CSE,0,2.333,3.5,4.0,2.0,1.0,3.0,0.129
252,2,Future-confident & Light workload & Financially secure,holdout,4th Year,3.80–4.00,Male,Hall,CSE,0,1.667,4.5,4.0,4.0,2.0,5.0,-0.046
253,2,Future-confident & Light workload & Financially secure,train,1st Year,3.50–3.79,Male,Mess,CSE,0,2.333,1.75,2.0,3.5,2.0,4.0,0.272
254,0,Low-CGPA & Financially strained & Unsupported,train,2nd Year,3.00–3.49,Male,Mess,CSE,0,5.0,3.5,5.0,4.0,4.0,3.0,0.107
255,1,High-achieving & Future-anxious & Well-supported,train,2nd Year,3.50–3.79,Male,Mess,CSE,0,4.0,3.75,4.0,2.0,4.0,4.0,0.216
256,0,Low-CGPA & Financially strained & Unsupported,holdout,4th Year,3.50–3.79,Male,Hall,CSE,0,1.333,4.5,3.0,5.0,5.0,4.0,0.055
257,2,Future-confident & Light workload & Financially secure,train,4th Year,3.00–3.49,Male,Hall,CSE,0,3.0,2.0,4.0,4.0,1.0,3.0,0.201
258,0,Low-CGPA & Financially strained & Unsupported,holdout,4th Year,3.00–3.49,Male,Hall,CSE,0,2.333,5.0,3.5,4.0,3.0,3.0,0.123
259,0,Low-CGPA & Financially strained & Unsupported,holdout,4th Year,3.00–3.49,Male,Hall,CSE,0,4.333,5.0,4.5,3.0,5.0,3.0,0.199
260,0,Low-CGPA & Financially strained & Unsupported,holdout,4th Year,2.50–2.99,Male,Hall,CSE,1,5.0,4.0,3.5,4.5,4.0,2.0,0.279
261,1,High-achieving & Future-anxious & Well-supported,holdout,4th Year,3.80–4.00,Male,Family,CSE,0,3.333,3.0,4.5,2.0,4.0,5.0,0.205
262,1,High-achieving & Future-anxious & Well-supported,train,4th Year,3.00–3.49,Male,Hall,CSE,0,4.333,4.5,5.0,1.5,4.0,3.0,0.071
263,0,Low-CGPA & Financially strained & Unsupported,train,4th Year,3.50–3.79,Male,Hall,CSE,0,4.333,5.0,5.0,4.0,5.0,4.0,0.11
264,2,Future-confident & Light workload & Financially secure,train,4th Year,3.80–4.00,Male,Hall,CSE,0,1.667,4.75,2.0,3.0,4.0,5.0,0.067
265,0,Low-CGPA & Financially strained & Unsupported,train,4th Year,3.00–3.49,Male,Hall,CSE,0,5.0,4.25,5.0,5.0,4.0,3.0,0.205
266,1,High-achieving & Future-anxious & Well-supported,holdout,4th Year,3.00–3.49,Male,Hall,CSE,0,3.0,4.5,4.5,1.0,5.0,3.0,0.041
267,2,Future-confident & Light workload & Financially secure,train,4th Year,3.50–3.79,Male,Hall,CSE,0,3.667,3.0,3.0,3.0,5.0,4.0,0.028
268,1,High-achieving & Future-anxious & Well-supported,holdout,4th Year,3.80–4.00,Male,Hall,CSE,0,5.0,3.25,4.0,4.5,3.0,5.0,0.134
269,2,Future-confident & Light workload & Financially secure,holdout,4th Year,3.00–3.49,Male,Family,CSE,0,3.667,4.25,3.0,5.0,1.0,3.0,0.072
270,0,Low-CGPA & Financially strained & Unsupported,holdout,4th Year,3.00–3.49,Male,Family,CSE,0,3.333,3.0,5.0,5.0,4.0,3.0,0.116
271,2,Future-confident & Light workload & Financially secure,train,4th Year,Below 2.50,Female,Hall,BME,1,1.0,1.0,1.0,5.0,1.0,1.0,0.19
272,0,Low-CGPA & Financially strained & Unsupported,holdout,4th Year,3.00–3.49,Male,Hall,CSE,0,4.333,5.0,5.0,4.0,4.0,3.0,0.206
273,0,Low-CGPA & Financially strained & Unsupported,train,4th Year,3.00–3.49,Male,Family,CSE,0,3.0,4.75,4.5,3.5,5.0,3.0,0.213
274,1,High-achieving & Future-anxious & Well-supported,holdout,4th Year,3.00–3.49,Male,Hall,CSE,0,3.667,4.5,4.0,2.5,3.0,3.0,0.031
275,0,Low-CGPA & Financially strained & Unsupported,train,4th Year,3.00–3.49,Male,Family,CSE,0,5.0,4.5,5.0,5.0,1.0,3.0,0.037
276,1,High-achieving & Future-anxious & Well-supported,holdout,4th Year,3.50–3.79,Male,Hall,CSE,0,3.667,5.0,4.0,3.0,2.0,4.0,0.189
277,2,Future-confident & Light workload & Financially secure,train,4th Year,3.00–3.49,Male,Family,CSE,0,2.333,4.25,3.5,2.5,2.0,3.0,0.101
278,2,Future-confident & Light workload & Financially secure,holdout,4th Year,3.00–3.49,Male,Hall,CSE,0,3.0,3.25,3.0,2.0,1.0,3.0,0.239
279,2,Future-confident & Light workload & Financially secure,holdout,4th Year,3.80–4.00,Male,Mess,CSE,0,1.667,4.5,2.5,3.5,2.0,5.0,0.121
280,2,Future-confident & Light workload & Financially secure,train,4th Year,3.00–3.49,Male,Hall,CSE,0,4.0,4.75,3.0,3.5,2.0,3.0,-0.047
281,0,Low-CGPA & Financially strained & Unsupported,train,4th Year,3.50–3.79,Male,Hall,CSE,0,4.333,4.5,5.0,5.0,5.0,4.0,0.154
282,1,High-achieving & Future-anxious & Well-supported,train,4th Year,3.80–4.00,Male,Hall,CSE,0,4.667,3.75,5.0,3.0,5.0,5.0,0.189
283,2,Future-confident & Light workload & Financially secure,train,4th Year,3.50–3.79,Male,Mess,CSE,0,2.667,3.25,5.0,2.5,1.0,4.0,-0.063
284,2,Future-confident & Light workload & Financially secure,holdout,4th Year,3.50–3.79,Male,Hall,CSE,0,2.0,4.0,4.0,2.5,2.0,4.0,0.005
285,2,Future-confident & Light workload & Financially secure,train,4th Year,3.00–3.49,Male,Hall,CSE,0,3.667,4.5,3.0,4.0,1.0,3.0,0.1
286,0,Low-CGPA & Financially strained & Unsupported,train,4th Year,3.00–3.49,Male,Mess,CSE,0,5.0,4.25,5.0,2.5,5.0,3.0,0.082
287,2,Future-confident & Light workload & Financially secure,holdout,4th Year,3.00–3.49,Male,Hall,CSE,0,3.333,3.0,4.0,2.0,4.0,3.0,-0.017
288,2,Future-confident & Light workload & Financially secure,train,4th Year,3.00–3.49,Male,Hall,CSE,0,2.333,4.75,3.0,5.0,1.0,3.0,0.082
289,2,Future-confident & Light workload & Financially secure,holdout,4th Year,3.50–3.79,Male,Other,CSE,0,2.667,3.5,3.0,3.5,2.0,4.0,0.225
290,1,High-achieving & Future-anxious & Well-supported,train,4th Year,3.50–3.79,Female,Other,CSE,0,4.333,5.0,5.0,3.5,2.0,4.0,0.155
291,1,High-achieving & Future-anxious & Well-supported,train,4th Year,3.00–3.49,Female,Family,CSE,0,3.667,4.25,5.0,3.0,3.0,3.0,0.031
292,1,High-achieving & Future-anxious & Well-supported,train,4th Year,3.00–3.49,Male,Mess,CSE,0,3.0,5.0,4.0,2.0,1.0,3.0,0.093
293,2,Future-confident & Light workload & Financially secure,train,4th Year,3.00–3.49,Male,Hall,CSE,0,3.667,5.0,3.0,4.5,1.0,3.0,-0.006
294,2,Future-confident & Light workload & Financially secure,holdout,4th Year,3.00–3.49,Male,Hall,CSE,0,2.0,3.25,4.5,4.0,3.0,3.0,0.057
295,0,Low-CGPA & Financially strained & Unsupported,train,4th Year,2.50–2.99,Male,Hall,CSE,1,2.333,4.75,4.0,4.0,5.0,2.0,0.271
296,0,Low-CGPA & Financially strained & Unsupported,holdout,4th Year,3.00–3.49,Male,Hall,CSE,0,2.667,3.5,5.0,4.0,4.0,3.0,0.087
297,1,High-achieving & Future-anxious & Well-supported,train,4th Year,3.50–3.79,Female,Family,CSE,0,3.0,4.0,5.0,3.0,4.0,4.0,0.153
298,1,High-achieving & Future-anxious & Well-supported,train,4th Year,3.50–3.79,Male,Hall,CSE,0,3.667,4.25,5.0,1.0,1.0,4.0,0.229
299,2,Future-confident & Light workload & Financially secure,train,4th Year,3.00–3.49,Male,Hall,CSE,0,2.333,3.75,2.5,3.0,3.0,3.0,0.224
300,1,High-achieving & Future-anxious & Well-supported,train,4th Year,3.50–3.79,Male,Hall,CSE,0,3.667,4.75,4.5,3.0,3.0,4.0,0.193
301,2,Future-confident & Light workload & Financially secure,train,4th Year,3.80–4.00,Male,Hall,CSE,0,3.333,4.0,3.5,3.0,2.0,5.0,-0.104
302,2,Future-confident & Light workload & Financially secure,train,4th Year,3.00–3.49,Male,Mess,CSE,0,3.0,2.75,3.5,3.0,2.0,3.0,0.241
303,2,Future-confident & Light workload & Financially secure,train,2nd Year,3.80–4.00,Female,Mess,CE,0,4.333,3.75,3.0,3.0,2.0,5.0,-0.05
304,0,Low-CGPA & Financially strained & Unsupported,train,2nd Year,3.00–3.49,Female,Mess,EEE,0,4.0,4.25,4.5,2.5,4.0,3.0,0.03
305,0,Low-CGPA & Financially strained & Unsupported,holdout,2nd Year,3.00–3.49,Male,Mess,EEE,0,3.0,3.25,4.5,4.0,5.0,3.0,0.145
306,2,Future-confident & Light workload & Financially secure,holdout,4th Year,3.80–4.00,Male,Hall,ME,0,3.0,4.0,3.0,3.0,4.0,5.0,-0.071
307,0,Low-CGPA & Financially strained & Unsupported,train,4th Year,3.00–3.49,Female,Family,CSE,0,3.0,4.25,4.0,3.0,4.0,3.0,0.1
308,1,High-achieving & Future-anxious & Well-supported,train,4th Year,3.80–4.00,Male,Hall,ME,0,4.0,4.25,5.0,4.0,5.0,5.0,0.094
309,0,Low-CGPA & Financially strained & Unsupported,holdout,2nd Year,3.00–3.49,Female,Mess,ECE,0,4.333,4.5,4.0,3.0,5.0,3.0,0.21
310,1,High-achieving & Future-anxious & Well-supported,train,4th Year,3.50–3.79,Male,Hall,ME,0,1.333,4.25,4.5,3.0,4.0,4.0,0.077
311,1,High-achieving & Future-anxious & Well-supported,train,4th Year,3.50–3.79,Female,Other,ARCH,0,3.333,5.0,5.0,2.0,2.0,4.0,0.25
312,2,Future-confident & Light workload & Financially secure,train,2nd Year,3.80–4.00,Male,Hall,ECE,0,3.667,3.5,3.0,2.5,4.0,5.0,-0.072
313,1,High-achieving & Future-anxious & Well-supported,holdout,3rd Year,3.80–4.00,Female,Hall,BECM,0,5.0,3.25,3.5,2.0,2.0,5.0,0.122
314,1,High-achieving & Future-anxious & Well-supported,train,4th Year,3.80–4.00,Male,Family,CSE,0,4.0,4.75,4.5,3.0,4.0,5.0,0.245
315,0,Low-CGPA & Financially strained & Unsupported,train,3rd Year,3.00–3.49,Female,Mess,ARCH,0,3.333,5.0,4.0,3.5,4.0,3.0,0.198
316,0,Low-CGPA & Financially strained & Unsupported,holdout,4th Year,3.80–4.00,Male,Hall,BECM,0,3.667,4.25,5.0,5.0,5.0,5.0,0.002
317,1,High-achieving & Future-anxious & Well-supported,holdout,2nd Year,3.00–3.49,Female,Mess,ARCH,0,4.667,4.5,3.5,2.5,2.0,3.0,0.061
318,1,High-achieving & Future-anxious & Well-supported,holdout,4th Year,3.80–4.00,Female,Hall,ECE,0,3.333,5.0,4.0,2.0,1.0,5.0,0.216
319,0,Low-CGPA & Financially strained & Unsupported,train,4th Year,2.50–2.99,Female,Hall,CSE,0,5.0,4.5,5.0,4.5,2.0,2.0,0.159
320,2,Future-confident & Light workload & Financially secure,train,4th Year,3.50–3.79,Male,Hall,CSE,0,2.0,2.25,4.5,2.5,4.0,4.0,0.043
321,2,Future-confident & Light workload & Financially secure,holdout,3rd Year,3.50–3.79,Male,Hall,ME,0,2.667,3.0,4.5,4.5,3.0,4.0,0.008
322,0,Low-CGPA & Financially strained & Unsupported,train,2nd Year,3.00–3.49,Male,Hall,CE,0,5.0,5.0,4.0,4.5,5.0,3.0,0.281
323,2,Future-confident & Light workload & Financially secure,holdout,3rd Year,3.80–4.00,Female,Hall,BECM,0,4.667,3.75,2.5,4.5,4.0,5.0,-0.034
324,0,Low-CGPA & Financially strained & Unsupported,holdout,3rd Year,3.00–3.49,Male,Hall,CE,0,4.0,5.0,5.0,3.0,4.0,3.0,0.108
325,0,Low-CGPA & Financially strained & Unsupported,train,3rd Year,2.50–2.99,Male,Hall,EEE,1,3.667,4.75,3.5,3.0,5.0,2.0,0.287
326,0,Low-CGPA & Financially strained & Unsupported,holdout,1st Year,2.50–2.99,Male,Mess,ME,1,4.0,4.75,4.0,3.5,5.0,2.0,0.335
327,2,Future-confident & Light workload & Financially secure,train,4th Year,3.00–3.49,Male,Hall,CSE,0,1.0,4.25,5.0,3.0,2.0,3.0,-0.016
328,0,Low-CGPA & Financially strained & Unsupported,train,4th Year,3.00–3.49,Female,Family,CSE,0,5.0,2.75,4.0,2.5,5.0,3.0,0.019
329,2,Future-confident & Light workload & Financially secure,train,4th Year,3.00–3.49,Female,Family,CSE,0,3.333,4.5,3.5,4.0,2.0,3.0,-0.045
330,2,Future-confident & Light workload & Financially secure,holdout,4th Year,3.00–3.49,Female,Hall,CSE,0,4.667,4.75,3.0,3.5,1.0,3.0,0.0
331,0,Low-CGPA & Financially strained & Unsupported,train,4th Year,3.50–3.79,Male,Mess,CSE,0,3.0,4.25,5.0,4.0,5.0,4.0,0.055
332,1,High-achieving & Future-anxious & Well-supported,train,4th Year,3.80–4.00,Female,Hall,CSE,0,3.333,3.75,5.0,4.0,1.0,5.0,0.182
333,2,Future-confident & Light workload & Financially secure,holdout,4th Year,3.00–3.49,Male,Hall,CSE,0,3.333,3.75,3.0,3.0,2.0,3.0,0.202
334,1,High-achieving & Future-anxious & Well-supported,holdout,4th Year,3.00–3.49,Male,Hall,CSE,0,5.0,3.25,5.0,3.5,3.0,3.0,0.014
335,1,High-achieving & Future-anxious & Well-supported,train,1st Year,3.80–4.00,Male,Family,EEE,0,4.667,4.5,5.0,4.0,2.0,5.0,0.224
336,0,Low-CGPA & Financially strained & Unsupported,train,4th Year,3.50–3.79,Male,Hall,CE,0,4.333,4.75,5.0,3.5,5.0,4.0,0.049
337,0,Low-CGPA & Financially strained & Unsupported,train,2nd Year,2.50–2.99,Male,Mess,CE,1,5.0,4.75,3.5,5.0,5.0,2.0,0.315
338,2,Future-confident & Light workload & Financially secure,train,3rd Year,3.50–3.79,Male,Hall,BECM,0,3.333,3.5,3.0,1.5,1.0,4.0,0.132
339,2,Future-confident & Light workload & Financially secure,holdout,2nd Year,3.00–3.49,Male,Mess,ARCH,0,3.333,3.0,5.0,2.5,2.0,3.0,-0.067
340,1,High-achieving & Future-anxious & Well-supported,holdout,2nd Year,3.00–3.49,Male,Mess,ME,0,4.333,4.0,4.5,2.5,3.0,3.0,0.079
341,1,High-achieving & Future-anxious & Well-supported,holdout,4th Year,3.80–4.00,Male,Hall,ECE,0,4.0,2.25,4.5,2.5,3.0,5.0,0.099
342,0,Low-CGPA & Financially strained & Unsupported,train,4th Year,2.50–2.99,Male,Hall,TE,1,3.0,4.75,3.0,4.5,4.0,2.0,0.228
343,0,Low-CGPA & Financially strained & Unsupported,holdout,4th Year,3.00–3.49,Male,Hall,ARCH,1,1.667,4.5,4.5,3.5,4.0,3.0,0.082
344,1,High-achieving & Future-anxious & Well-supported,train,1st Year,3.50–3.79,Male,Family,EEE,0,4.0,4.25,5.0,3.0,3.0,4.0,0.231
345,2,Future-confident & Light workload & Financially secure,holdout,4th Year,3.00–3.49,Male,Hall,ME,0,3.0,2.75,3.5,2.5,2.0,3.0,0.225
346,0,Low-CGPA & Financially strained & Unsupported,train,4th Year,3.00–3.49,Male,Hall,EEE,0,4.667,5.0,4.0,5.0,5.0,3.0,0.294
347,0,Low-CGPA & Financially strained & Unsupported,train,4th Year,3.00–3.49,Male,Hall,ME,0,4.0,3.75,5.0,5.0,5.0,3.0,0.223
348,0,Low-CGPA & Financially strained & Unsupported,train,4th Year,3.00–3.49,Male,Hall,ME,0,3.667,5.0,4.0,5.0,5.0,3.0,0.299
349,0,Low-CGPA & Financially strained & Unsupported,train,4th Year,3.00–3.49,Male,Hall,ME,0,3.667,4.5,5.0,5.0,5.0,3.0,0.263
350,2,Future-confident & Light workload & Financially secure,train,4th Year,3.00–3.49,Male,Hall,ME,0,3.0,3.5,3.5,3.5,2.0,3.0,0.197
351,1,High-achieving & Future-anxious & Well-supported,holdout,4th Year,3.50–3.79,Male,Hall,TE,0,2.667,4.25,4.0,2.0,5.0,4.0,0.106
352,0,Low-CGPA & Financially strained & Unsupported,train,2nd Year,2.50–2.99,Male,Mess,ARCH,0,3.0,5.0,3.5,3.5,3.0,2.0,0.209
353,0,Low-CGPA & Financially strained & Unsupported,train,4th Year,3.00–3.49,Male,Hall,CSE,1,4.0,3.5,5.0,4.5,4.0,3.0,0.148
354,2,Future-confident & Light workload & Financially secure,train,4th Year,3.50–3.79,Female,Family,ARCH,0,2.0,3.5,3.5,2.5,3.0,4.0,0.115
355,0,Low-CGPA & Financially strained & Unsupported,train,4th Year,3.50–3.79,Male,Hall,EEE,0,3.667,5.0,5.0,4.5,5.0,4.0,0.139
356,1,High-achieving & Future-anxious & Well-supported,train,4th Year,3.50–3.79,Male,Family,CSE,0,3.667,3.75,5.0,3.5,3.0,4.0,0.187
357,0,Low-CGPA & Financially strained & Unsupported,train,1st Year,Below 2.50,Male,Other,ECE,1,4.0,5.0,5.0,2.5,4.0,1.0,0.215
358,1,High-achieving & Future-anxious & Well-supported,holdout,4th Year,3.50–3.79,Male,Hall,BECM,0,3.0,4.5,4.0,4.0,3.0,4.0,0.044
359,1,High-achieving & Future-anxious & Well-supported,train,1st Year,3.80–4.00,Female,Mess,ARCH,0,5.0,3.25,4.5,1.5,2.0,5.0,0.233
360,0,Low-CGPA & Financially strained & Unsupported,holdout,2nd Year,3.00–3.49,Male,Mess,CE,0,4.0,4.5,4.0,2.0,4.0,3.0,0.004
361,2,Future-confident & Light workload & Financially secure,train,4th Year,3.00–3.49,Male,Mess,CSE,1,3.333,4.0,3.0,4.0,2.0,3.0,0.131
362,0,Low-CGPA & Financially strained & Unsupported,train,1st Year,3.00–3.49,Male,Mess,ECE,0,3.333,5.0,5.0,3.0,4.0,3.0,0.093
363,0,Low-CGPA & Financially strained & Unsupported,train,3rd Year,3.00–3.49,Male,Hall,EEE,0,3.667,5.0,3.5,3.0,5.0,3.0,0.208
364,0,Low-CGPA & Financially strained & Unsupported,train,4th Year,3.00–3.49,Male,Hall,EEE,0,4.667,4.25,3.5,4.0,5.0,3.0,0.264
365,0,Low-CGPA & Financially strained & Unsupported,holdout,3rd Year,3.50–3.79,Female,Other,ECE,0,5.0,4.25,4.0,5.0,3.0,4.0,0.059
366,2,Future-confident & Light workload & Financially secure,train,2nd Year,3.50–3.79,Male,Other,EEE,0,2.667,4.0,3.5,2.0,1.0,4.0,0.068
367,1,High-achieving & Future-anxious & Well-supported,train,2nd Year,3.50–3.79,Male,Mess,ARCH,0,2.0,5.0,4.5,2.5,4.0,4.0,0.098
368,0,Low-CGPA & Financially strained & Unsupported,holdout,3rd Year,3.00–3.49,Male,Hall,EEE,0,4.0,4.5,5.0,4.0,5.0,3.0,0.248
369,0,Low-CGPA & Financially strained & Unsupported,holdout,3rd Year,3.00–3.49,Male,Hall,EEE,0,4.333,4.75,5.0,5.0,5.0,3.0,0.269
370,1,High-achieving & Future-anxious & Well-supported,train,1st Year,3.80–4.00,Male,Mess,EEE,0,3.0,4.25,5.0,2.5,2.0,5.0,0.312
371,1,High-achieving & Future-anxious & Well-supported,train,1st Year,3.50–3.79,Male,Mess,EEE,0,3.667,4.5,4.0,2.0,4.0,4.0,0.19
372,1,High-achieving & Future-anxious & Well-supported,holdout,4th Year,3.50–3.79,Male,Hall,CSE,0,4.0,4.25,4.5,3.5,2.0,4.0,0.22
373,1,High-achieving & Future-anxious & Well-supported,train,1st Year,3.50–3.79,Male,Mess,ECE,0,4.667,3.5,4.0,1.0,3.0,4.0,0.2
374,2,Future-confident & Light workload & Financially secure,train,4th Year,3.00–3.49,Male,Hall,CE,0,2.333,3.75,4.0,2.5,4.0,3.0,-0.019
375,0,Low-CGPA & Financially strained & Unsupported,train,3rd Year,3.00–3.49,Male,Hall,ECE,0,5.0,5.0,4.5,5.0,5.0,3.0,0.272
376,1,High-achieving & Future-anxious & Well-supported,train,3rd Year,3.50–3.79,Female,Mess,EEE,0,3.0,4.75,5.0,3.5,3.0,4.0,0.126
377,0,Low-CGPA & Financially strained & Unsupported,train,4th Year,3.50–3.79,Male,Hall,ECE,0,3.667,5.0,4.5,4.0,5.0,4.0,0.129
378,0,Low-CGPA & Financially strained & Unsupported,train,4th Year,3.00–3.49,Male,Hall,EEE,0,2.333,4.5,3.5,4.5,5.0,3.0,0.225
379,1,High-achieving & Future-anxious & Well-supported,train,4th Year,3.00–3.49,Male,Hall,ARCH,0,3.667,5.0,5.0,2.0,4.0,3.0,0.012
380,1,High-achieving & Future-anxious & Well-supported,train,2nd Year,3.00–3.49,Female,Mess,ARCH,0,4.0,4.5,5.0,4.0,1.0,3.0,0.043
381,1,High-achieving & Future-anxious & Well-supported,holdout,4th Year,3.50–3.79,Male,Hall,ME,0,3.667,4.5,4.5,3.5,3.0,4.0,0.15
382,0,Low-CGPA & Financially strained & Unsupported,holdout,1st Year,3.00–3.49,Male,Other,ECE,0,5.0,4.75,5.0,1.5,5.0,3.0,0.008
383,0,Low-CGPA & Financially strained & Unsupported,train,4th Year,2.50–2.99,Male,Hall,EEE,1,3.333,4.75,4.5,4.5,3.0,2.0,0.255
384,2,Future-confident & Light workload & Financially secure,train,1st Year,3.50–3.79,Female,Other,EEE,0,4.0,3.75,3.5,3.0,2.0,4.0,-0.051
385,0,Low-CGPA & Financially strained & Unsupported,holdout,4th Year,3.50–3.79,Male,Hall,EEE,0,3.667,4.75,5.0,4.0,5.0,4.0,0.096
386,2,Future-confident & Light workload & Financially secure,train,4th Year,3.50–3.79,Male,Hall,ECE,0,2.333,4.0,4.5,4.0,2.0,4.0,-0.068
387,1,High-achieving & Future-anxious & Well-supported,train,1st Year,3.50–3.79,Male,Mess,BECM,0,4.0,5.0,4.0,3.0,3.0,4.0,0.136
388,0,Low-CGPA & Financially strained & Unsupported,train,3rd Year,3.00–3.49,Female,Hall,EEE,0,3.333,4.5,3.5,3.5,4.0,3.0,0.192
389,0,Low-CGPA & Financially strained & Unsupported,train,1st Year,3.50–3.79,Male,Mess,EEE,0,4.667,4.75,5.0,5.0,4.0,4.0,0.114
390,0,Low-CGPA & Financially strained & Unsupported,train,4th Year,3.50–3.79,Male,Hall,EEE,0,3.0,4.75,3.5,5.0,4.0,4.0,0.137
391,0,Low-CGPA & Financially strained & Unsupported,train,4th Year,3.50–3.79,Male,Hall,ME,0,1.667,4.5,5.0,4.0,5.0,4.0,0.034
392,2,Future-confident & Light workload & Financially secure,train,2nd Year,3.50–3.79,Male,Mess,BECM,0,3.333,4.5,3.0,3.5,3.0,4.0,-0.033
393,0,Low-CGPA & Financially strained & Unsupported,train,4th Year,3.00–3.49,Male,Hall,ME,0,3.667,5.0,3.0,3.0,5.0,3.0,0.194
394,0,Low-CGPA & Financially strained & Unsupported,holdout,3rd Year,3.50–3.79,Male,Hall,EEE,0,5.0,4.0,5.0,3.5,5.0,4.0,0.003
395,0,Low-CGPA & Financially strained & Unsupported,holdout,2nd Year,3.00–3.49,Male,Other,ME,0,4.333,4.75,4.5,3.5,2.0,3.0,0.001
396,1,High-achieving & Future-anxious & Well-supported,train,3rd Year,3.50–3.79,Female,Hall,CE,0,4.667,4.25,4.5,3.5,3.0,4.0,0.145
397,0,Low-CGPA & Financially strained & Unsupported,train,4th Year,3.00–3.49,Male,Mess,ME,0,4.0,5.0,4.5,4.5,4.0,3.0,0.263
398,0,Low-CGPA & Financially strained & Unsupported,holdout,2nd Year,3.00–3.49,Male,Mess,ARCH,0,3.667,5.0,4.5,3.0,3.0,3.0,0.039
399,2,Future-confident & Light workload & Financially secure,train,4th Year,3.50–3.79,Female,Hall,BECM,0,3.333,4.75,1.5,2.5,1.0,4.0,0.149
400,2,Future-confident & Light workload & Financially secure,train,3rd Year,3.00–3.49,Male,Other,ME,0,2.667,3.0,3.5,4.0,3.0,3.0,0.174
401,0,Low-CGPA & Financially strained & Unsupported,train,3rd Year,3.50–3.79,Male,Hall,CE,0,4.333,5.0,4.5,3.5,4.0,4.0,0.0
402,1,High-achieving & Future-anxious & Well-supported,train,4th Year,3.80–4.00,Male,Hall,EEE,0,4.667,4.25,3.5,4.0,5.0,5.0,0.031
403,1,High-achieving & Future-anxious & Well-supported,train,2nd Year,3.80–4.00,Male,Mess,ME,0,3.0,4.5,4.5,2.5,1.0,5.0,0.226
404,2,Future-confident & Light workload & Financially secure,train,4th Year,3.80–4.00,Female,Hall,ARCH,0,2.667,4.75,3.5,4.5,1.0,5.0,-0.025
405,1,High-achieving & Future-anxious & Well-supported,train,4th Year,3.80–4.00,Female,Hall,ECE,0,2.333,4.75,3.5,3.5,5.0,5.0,0.057
406,0,Low-CGPA & Financially strained & Unsupported,train,3rd Year,2.50–2.99,Male,Hall,ME,0,4.0,5.0,4.5,3.5,5.0,2.0,0.317
407,2,Future-confident & Light workload & Financially secure,holdout,1st Year,3.50–3.79,Male,Mess,ECE,0,3.333,3.0,4.5,2.0,2.0,4.0,-0.076
408,0,Low-CGPA & Financially strained & Unsupported,train,1st Year,3.00–3.49,Female,Mess,ARCH,0,5.0,4.5,4.5,5.0,2.0,3.0,0.113
409,0,Low-CGPA & Financially strained & Unsupported,train,4th Year,3.00–3.49,Female,Hall,ME,0,4.333,4.75,4.0,4.5,1.0,3.0,0.039
410,2,Future-confident & Light workload & Financially secure,holdout,1st Year,3.50–3.79,Male,Other,ME,0,2.333,3.0,2.0,3.5,1.0,4.0,0.298
411,0,Low-CGPA & Financially strained & Unsupported,train,3rd Year,3.00–3.49,Male,Hall,EEE,0,4.0,5.0,4.0,4.0,3.0,3.0,0.176
412,2,Future-confident & Light workload & Financially secure,train,2nd Year,3.50–3.79,Male,Mess,EEE,0,3.333,4.0,3.0,4.5,3.0,4.0,0.044
413,2,Future-confident & Light workload & Financially secure,holdout,3rd Year,2.50–2.99,Male,Hall,CE,0,2.0,3.0,3.0,3.0,2.0,2.0,0.261
414,0,Low-CGPA & Financially strained & Unsupported,holdout,1st Year,Below 2.50,Male,Mess,ME,0,3.667,5.0,4.5,1.0,5.0,1.0,0.136
415,2,Future-confident & Light workload & Financially secure,holdout,4th Year,3.50–3.79,Male,Hall,BECM,0,2.333,4.5,3.5,4.0,3.0,4.0,-0.013
416,2,Future-confident & Light workload & Financially secure,train,2nd Year,3.00–3.49,Female,Mess,EEE,0,2.667,4.5,4.0,3.5,1.0,3.0,0.025
417,0,Low-CGPA & Financially strained & Unsupported,train,4th Year,3.00–3.49,Male,Hall,ME,0,4.0,5.0,5.0,4.0,5.0,3.0,0.249
418,2,Future-confident & Light workload & Financially secure,holdout,2nd Year,3.00–3.49,Male,Hall,ARCH,0,4.0,2.75,3.0,4.0,4.0,3.0,0.053
419,0,Low-CGPA & Financially strained & Unsupported,train,2nd Year,3.50–3.79,Male,Mess,ARCH,0,3.0,4.75,4.0,3.5,4.0,4.0,-0.01
420,0,Low-CGPA & Financially strained & Unsupported,train,3rd Year,3.00–3.49,Male,Hall,ME,0,4.333,5.0,5.0,4.5,5.0,3.0,0.265
421,2,Future-confident & Light workload & Financially secure,train,3rd Year,3.80–4.00,Female,Mess,ARCH,0,4.0,2.5,3.5,3.0,1.0,5.0,0.09
422,2,Future-confident & Light workload & Financially secure,train,2nd Year,2.50–2.99,Male,Family,ARCH,0,4.667,4.0,4.0,2.5,1.0,2.0,-0.03
423,1,High-achieving & Future-anxious & Well-supported,train,2nd Year,3.00–3.49,Female,Mess,ECE,0,5.0,4.0,5.0,2.0,1.0,3.0,0.171
424,2,Future-confident & Light workload & Financially secure,train,3rd Year,3.50–3.79,Male,Mess,BECM,0,3.333,3.25,4.0,4.5,2.0,4.0,0.049
425,2,Future-confident & Light workload & Financially secure,holdout,4th Year,3.00–3.49,Male,Hall,CE,0,1.333,4.25,3.5,3.5,4.0,3.0,0.001
426,1,High-achieving & Future-anxious & Well-supported,train,1st Year,3.50–3.79,Male,Family,BECM,0,5.0,3.75,4.5,3.0,4.0,4.0,0.128
427,1,High-achieving & Future-anxious & Well-supported,train,2nd Year,3.50–3.79,Male,Mess,EEE,0,5.0,4.25,3.5,2.5,4.0,4.0,0.095
428,0,Low-CGPA & Financially strained & Unsupported,train,2nd Year,3.00–3.49,Male,Mess,BECM,0,4.667,4.0,3.5,4.0,5.0,3.0,0.247
429,0,Low-CGPA & Financially strained & Unsupported,train,3rd Year,3.00–3.49,Male,Hall,ECE,0,4.667,3.5,4.5,3.0,5.0,3.0,0.105
430,1,High-achieving & Future-anxious & Well-supported,holdout,4th Year,3.80–4.00,Male,Hall,EEE,0,3.333,5.0,5.0,4.5,4.0,5.0,0.064
431,0,Low-CGPA & Financially strained & Unsupported,train,4th Year,3.00–3.49,Male,Hall,ECE,0,3.0,5.0,5.0,3.5,4.0,3.0,0.133
432,0,Low-CGPA & Financially strained & Unsupported,holdout,1st Year,Below 2.50,Male,Other,ME,0,4.333,4.0,4.5,2.0,3.0,1.0,0.133
433,2,Future-confident & Light workload & Financially secure,holdout,2nd Year,3.50–3.79,Male,Hall,ME,0,1.0,3.25,4.0,3.0,5.0,4.0,0.04
434,0,Low-CGPA & Financially strained & Unsupported,holdout,4th Year,3.50–3.79,Female,Hall,EEE,0,3.333,3.75,4.0,5.0,3.0,4.0,0.026
435,0,Low-CGPA & Financially strained & Unsupported,holdout,4th Year,3.00–3.49,Male,Hall,ARCH,0,4.0,4.75,5.0,5.0,4.0,3.0,0.239
436,1,High-achieving & Future-anxious & Well-supported,train,4th Year,3.50–3.79,Male,Hall,ECE,0,3.333,4.5,4.5,1.5,2.0,4.0,0.271
437,0,Low-CGPA & Financially strained & Unsupported,train,4th Year,3.00–3.49,Male,Hall,ECE,0,3.333,4.75,4.0,4.5,3.0,3.0,0.19
438,0,Low-CGPA & Financially strained & Unsupported,train,4th Year,3.50–3.79,Male,Hall,ECE,0,4.333,4.75,4.0,4.5,5.0,4.0,0.181
439,0,Low-CGPA & Financially strained & Unsupported,train,3rd Year,Below 2.50,Male,Family,ME,0,4.333,4.25,4.5,3.5,3.0,1.0,0.247
440,0,Low-CGPA & Financially strained & Unsupported,train,2nd Year,3.00–3.49,Female,Mess,EEE,0,4.667,4.75,3.5,3.0,4.0,3.0,0.158
441,0,Low-CGPA & Financially strained & Unsupported,train,Other,3.00–3.49,Male,Hall,CSE,0,4.333,3.75,5.0,3.5,3.0,3.0,0.004
442,0,Low-CGPA & Financially strained & Unsupported,train,1st Year,Below 2.50,Female,Mess,ARCH,0,5.0,4.75,4.0,1.0,1.0,1.0,0.016
443,0,Low-CGPA & Financially strained & Unsupported,train,4th Year,3.00–3.49,Male,Hall,ECE,0,2.333,3.75,4.5,4.0,5.0,3.0,0.16
444,1,High-achieving & Future-anxious & Well-supported,train,3rd Year,3.50–3.79,Female,Hall,ECE,0,4.0,4.25,4.0,4.5,2.0,4.0,0.065
445,0,Low-CGPA & Financially strained & Unsupported,holdout,4th Year,3.50–3.79,Male,Hall,EEE,0,3.667,5.0,4.0,4.5,3.0,4.0,0.05
446,2,Future-confident & Light workload & Financially secure,holdout,4th Year,3.00–3.49,Female,Hall,CE,0,2.0,3.0,4.0,3.5,5.0,3.0,-0.008
447,1,High-achieving & Future-anxious & Well-supported,holdout,2nd Year,3.80–4.00,Male,Mess,EEE,0,5.0,3.0,4.0,2.5,1.0,5.0,0.106
448,0,Low-CGPA & Financially strained & Unsupported,train,4th Year,3.50–3.79,Female,Hall,CE,0,4.667,4.75,4.5,4.0,5.0,4.0,0.128
449,2,Future-confident & Light workload & Financially secure,holdout,3rd Year,3.50–3.79,Female,Other,CE,0,1.333,3.0,4.0,2.0,1.0,4.0,0.15
450,0,Low-CGPA & Financially strained & Unsupported,holdout,2nd Year,3.00–3.49,Male,Hall,CE,0,3.0,4.0,4.5,3.5,5.0,3.0,0.179
451,0,Low-CGPA & Financially strained & Unsupported,train,3rd Year,3.00–3.49,Male,Hall,CE,0,4.0,4.5,4.5,4.5,4.0,3.0,0.262
452,1,High-achieving & Future-anxious & Well-supported,train,4th Year,3.80–4.00,Male,Hall,BECM,0,4.0,5.0,5.0,2.5,4.0,5.0,0.246
453,1,High-achieving & Future-anxious & Well-supported,holdout,4th Year,3.80–4.00,Male,Hall,EEE,0,3.333,5.0,4.5,5.0,4.0,5.0,0.004
454,1,High-achieving & Future-anxious & Well-supported,holdout,3rd Year,3.80–4.00,Male,Hall,ARCH,0,4.333,4.5,4.5,2.5,5.0,5.0,0.207
455,0,Low-CGPA & Financially strained & Unsupported,train,4th Year,3.50–3.79,Male,Hall,CE,0,2.333,4.5,4.0,4.5,4.0,4.0,0.072
456,0,Low-CGPA & Financially strained & Unsupported,train,4th Year,3.00–3.49,Male,Hall,BECM,0,2.667,5.0,4.0,3.5,5.0,3.0,0.205
457,0,Low-CGPA & Financially strained & Unsupported,train,4th Year,3.00–3.49,Male,Hall,ARCH,0,3.333,3.75,3.0,4.5,4.0,3.0,0.09
458,0,Low-CGPA & Financially strained & Unsupported,holdout,4th Year,Below 2.50,Male,Hall,CE,0,3.667,4.5,5.0,3.0,5.0,1.0,0.267
459,0,Low-CGPA & Financially strained & Unsupported,train,1st Year,3.50–3.79,Female,Mess,ARCH,0,4.0,4.75,4.0,3.0,5.0,4.0,0.027
460,0,Low-CGPA & Financially strained & Unsupported,train,3rd Year,2.50–2.99,Female,Mess,BECM,1,4.0,4.5,3.5,3.0,4.0,2.0,0.26
461,0,Low-CGPA & Financially strained & Unsupported,train,4th Year,2.50–2.99,Male,Hall,EEE,0,4.333,5.0,4.5,1.5,5.0,2.0,0.133
462,2,Future-confident & Light workload & Financially secure,train,1st Year,3.50–3.79,Male,Mess,CE,0,4.333,3.25,3.0,2.0,4.0,4.0,-0.038
463,0,Low-CGPA & Financially strained & Unsupported,train,4th Year,3.00–3.49,Male,Family,BECM,0,3.667,4.75,5.0,4.0,3.0,3.0,0.118
464,1,High-achieving & Future-anxious & Well-supported,holdout,4th Year,3.50–3.79,Female,Hall,ECE,0,5.0,5.0,4.5,3.0,3.0,4.0,0.122
465,0,Low-CGPA & Financially strained & Unsupported,train,2nd Year,3.00–3.49,Male,Family,ARCH,0,1.667,3.25,5.0,3.0,5.0,3.0,0.023
466,2,Future-confident & Light workload & Financially secure,holdout,3rd Year,3.00–3.49,Male,Hall,CE,0,2.667,4.75,2.0,5.0,1.0,3.0,0.123
467,0,Low-CGPA & Financially strained & Unsupported,train,2nd Year,3.00–3.49,Male,Family,ECE,0,4.333,4.0,3.5,3.5,5.0,3.0,0.224
468,0,Low-CGPA & Financially strained & Unsupported,train,4th Year,3.50–3.79,Male,Hall,CE,0,2.0,5.0,4.5,4.0,4.0,4.0,0.024
469,0,Low-CGPA & Financially strained & Unsupported,train,3rd Year,3.00–3.49,Male,Mess,CE,0,3.667,5.0,4.0,4.0,2.0,3.0,0.079
470,1,High-achieving & Future-anxious & Well-supported,holdout,1st Year,3.50–3.79,Male,Hall,ARCH,0,4.333,4.25,3.5,3.5,2.0,4.0,0.14
471,1,High-achieving & Future-anxious & Well-supported,train,4th Year,3.80–4.00,Male,Hall,CE,0,4.0,4.75,2.5,2.0,3.0,5.0,0.105
472,2,Future-confident & Light workload & Financially secure,train,1st Year,Below 2.50,Male,Mess,ME,0,4.0,4.25,2.0,3.5,2.0,1.0,0.022
473,0,Low-CGPA & Financially strained & Unsupported,train,1st Year,3.50–3.79,Male,Mess,CE,0,3.333,4.75,4.0,3.5,4.0,4.0,-0.007
474,2,Future-confident & Light workload & Financially secure,train,4th Year,3.00–3.49,Male,Hall,CE,0,2.667,2.5,3.0,3.5,2.0,3.0,0.295
475,2,Future-confident & Light workload & Financially secure,train,2nd Year,3.80–4.00,Male,Mess,CE,0,2.0,3.0,3.5,1.5,1.0,5.0,0.12
476,0,Low-CGPA & Financially strained & Unsupported,train,4th Year,3.50–3.79,Male,Mess,BECM,0,3.667,4.0,3.5,5.0,5.0,4.0,0.163
477,2,Future-confident & Light workload & Financially secure,train,4th Year,3.00–3.49,Male,Hall,ECE,0,1.333,4.0,4.5,4.0,2.0,3.0,0.067
478,0,Low-CGPA & Financially strained & Unsupported,holdout,4th Year,3.00–3.49,Male,Hall,EEE,0,3.667,5.0,4.5,4.0,2.0,3.0,0.061
479,1,High-achieving & Future-anxious & Well-supported,train,4th Year,3.80–4.00,Male,Hall,BECM,0,2.0,4.75,4.0,2.5,5.0,5.0,0.134
480,0,Low-CGPA & Financially strained & Unsupported,train,1st Year,3.00–3.49,Male,Other,CE,0,3.667,4.25,3.0,2.0,5.0,3.0,0.081
481,0,Low-CGPA & Financially strained & Unsupported,train,4th Year,3.50–3.79,Male,Hall,EEE,0,3.0,4.25,5.0,5.0,5.0,4.0,0.124
482,1,High-achieving & Future-anxious & Well-supported,train,4th Year,3.50–3.79,Male,Hall,ME,0,3.0,4.5,5.0,2.0,3.0,4.0,0.255
483,2,Future-confident & Light workload & Financially secure,train,3rd Year,3.00–3.49,Female,Mess,EEE,0,3.667,4.25,3.5,2.5,2.0,3.0,-0.023
484,0,Low-CGPA & Financially strained & Unsupported,train,2nd Year,3.00–3.49,Male,Mess,CE,0,3.0,3.75,4.5,3.0,4.0,3.0,0.04
485,2,Future-confident & Light workload & Financially secure,train,2nd Year,2.50–2.99,Male,Family,CE,0,2.667,2.75,3.0,3.5,2.0,2.0,0.249
486,0,Low-CGPA & Financially strained & Unsupported,train,4th Year,3.00–3.49,Male,Hall,ECE,0,2.0,5.0,4.5,4.0,5.0,3.0,0.177
487,0,Low-CGPA & Financially strained & Unsupported,train,2nd Year,2.50–2.99,Male,Mess,ME,1,4.333,4.25,5.0,5.0,5.0,2.0,0.303
488,1,High-achieving & Future-anxious & Well-supported,train,2nd Year,3.50–3.79,Male,Mess,BECM,0,1.0,3.75,5.0,2.0,5.0,4.0,0.092
489,0,Low-CGPA & Financially strained & Unsupported,train,2nd Year,3.00–3.49,Male,Mess,ME,0,3.667,5.0,3.0,1.5,5.0,3.0,0.059
490,2,Future-confident & Light workload & Financially secure,holdout,4th Year,2.50–2.99,Male,Hall,CE,1,2.667,3.75,3.0,1.5,3.0,2.0,0.131
491,1,High-achieving & Future-anxious & Well-supported,train,4th Year,3.50–3.79,Male,Family,ME,0,1.667,4.75,4.5,3.5,4.0,4.0,0.026
492,2,Future-confident & Light workload & Financially secure,train,4th Year,3.50–3.79,Male,Hall,BECM,0,1.0,4.0,4.5,5.0,1.0,4.0,0.066
493,0,Low-CGPA & Financially strained & Unsupported,train,2nd Year,3.00–3.49,Male,Hall,CE,0,3.667,4.75,4.0,3.5,5.0,3.0,0.262
494,1,High-achieving & Future-anxious & Well-supported,train,4th Year,3.50–3.79,Male,Other,EEE,0,3.0,3.75,4.0,3.0,4.0,4.0,0.13
495,0,Low-CGPA & Financially strained & Unsupported,train,4th Year,3.50–3.79,Male,Hall,BECM,0,3.333,5.0,4.5,3.0,5.0,4.0,0.007
496,0,Low-CGPA & Financially strained & Unsupported,holdout,4th Year,3.50–3.79,Female,Hall,BECM,0,3.667,4.75,4.0,5.0,3.0,4.0,0.082
497,2,Future-confident & Light workload & Financially secure,holdout,2nd Year,2.50–2.99,Female,Mess,EEE,0,2.0,3.5,3.0,2.5,1.0,2.0,0.259
498,1,High-achieving & Future-anxious & Well-supported,train,2nd Year,3.80–4.00,Male,Hall,EEE,0,3.333,4.75,4.5,3.5,5.0,5.0,0.111
499,2,Future-confident & Light workload & Financially secure,holdout,3rd Year,3.50–3.79,Female,Mess,ME,0,4.333,1.75,2.5,2.5,1.0,4.0,0.196
500,1,High-achieving & Future-anxious & Well-supported,holdout,4th Year,3.00–3.49,Male,Hall,BECM,0,4.0,4.25,4.5,3.5,1.0,3.0,0.092
501,1,High-achieving & Future-anxious & Well-supported,train,1st Year,3.80–4.00,Male,Family,ECE,0,5.0,3.0,4.5,2.0,5.0,5.0,0.202
502,1,High-achieving & Future-anxious & Well-supported,train,4th Year,3.80–4.00,Male,Hall,CE,0,3.0,4.5,5.0,3.0,5.0,5.0,0.172
503,1,High-achieving & Future-anxious & Well-supported,train,3rd Year,3.50–3.79,Male,Mess,ME,0,3.0,4.25,4.0,2.5,3.0,4.0,0.222
504,2,Future-confident & Light workload & Financially secure,holdout,3rd Year,3.00–3.49,Male,Hall,EEE,0,3.0,3.75,3.0,3.5,2.0,3.0,0.231
505,1,High-achieving & Future-anxious & Well-supported,train,2nd Year,3.50–3.79,Male,Other,ARCH,0,4.0,5.0,4.5,2.5,4.0,4.0,0.13
506,1,High-achieving & Future-anxious & Well-supported,holdout,1st Year,3.80–4.00,Female,Mess,EEE,0,4.667,4.25,4.5,2.5,3.0,5.0,0.334
507,0,Low-CGPA & Financially strained & Unsupported,train,4th Year,2.50–2.99,Male,Hall,CSE,0,3.0,3.5,3.5,3.0,5.0,2.0,0.148
508,1,High-achieving & Future-anxious & Well-supported,train,2nd Year,3.80–4.00,Male,Mess,EEE,0,3.333,4.0,5.0,2.5,4.0,5.0,0.301
509,1,High-achieving & Future-anxious & Well-supported,train,4th Year,3.50–3.79,Male,Hall,CE,0,2.667,4.5,4.5,4.0,3.0,4.0,0.063
510,0,Low-CGPA & Financially strained & Unsupported,train,4th Year,3.00–3.49,Male,Hall,EEE,0,3.0,4.75,4.0,5.0,5.0,3.0,0.276
511,1,High-achieving & Future-anxious & Well-supported,train,4th Year,3.80–4.00,Male,Hall,ME,0,2.667,3.75,5.0,4.0,4.0,5.0,0.158
512,2,Future-confident & Light workload & Financially secure,train,2nd Year,2.50–2.99,Male,Other,BECM,0,2.0,3.25,3.5,2.0,3.0,2.0,0.17
513,1,High-achieving & Future-anxious & Well-supported,train,2nd Year,3.50–3.79,Male,Mess,ECE,0,4.0,5.0,4.5,3.0,4.0,4.0,0.074
514,1,High-achieving & Future-anxious & Well-supported,train,3rd Year,3.50–3.79,Male,Hall,ME,0,4.0,5.0,4.0,2.5,3.0,4.0,0.182
515,2,Future-confident & Light workload & Financially secure,train,2nd Year,3.00–3.49,Male,Mess,ME,0,2.0,4.5,4.5,3.5,2.0,3.0,-0.044
516,2,Future-confident & Light workload & Financially secure,holdout,4th Year,3.50–3.79,Male,Hall,BECM,0,1.667,4.0,3.5,3.0,3.0,4.0,0.083
517,1,High-achieving & Future-anxious & Well-supported,train,2nd Year,3.00–3.49,Male,Other,ME,0,3.667,4.25,5.0,3.5,2.0,3.0,0.053
518,2,Future-confident & Light workload & Financially secure,train,1st Year,3.80–4.00,Male,Mess,ECE,0,2.0,2.0,3.5,1.5,1.0,5.0,0.153
519,0,Low-CGPA & Financially strained & Unsupported,train,3rd Year,3.00–3.49,Female,Hall,ARCH,0,3.667,5.0,4.0,5.0,5.0,3.0,0.299
520,1,High-achieving & Future-anxious & Well-supported,train,2nd Year,3.80–4.00,Male,Hall,CE,0,4.0,4.25,5.0,4.5,5.0,5.0,0.039
521,2,Future-confident & Light workload & Financially secure,train,1st Year,3.00–3.49,Male,Mess,CE,0,4.333,4.25,3.0,1.5,1.0,3.0,0.026
522,1,High-achieving & Future-anxious & Well-supported,train,4th Year,3.50–3.79,Male,Hall,BECM,1,3.333,4.0,4.0,2.5,4.0,4.0,0.182
523,2,Future-confident & Light workload & Financially secure,train,1st Year,3.50–3.79,Male,Family,EEE,0,4.667,2.75,4.0,2.0,1.0,4.0,-0.02
524,1,High-achieving & Future-anxious & Well-supported,holdout,3rd Year,3.50–3.79,Female,Family,ECE,0,4.0,3.75,4.5,2.5,2.0,4.0,0.268
525,1,High-achieving & Future-anxious & Well-supported,train,2nd Year,3.00–3.49,Male,Mess,EEE,0,4.333,5.0,3.5,2.0,2.0,3.0,0.073
526,2,Future-confident & Light workload & Financially secure,holdout,1st Year,3.50–3.79,Female,Mess,BECM,0,2.667,3.75,2.5,4.5,1.0,4.0,0.235
527,0,Low-CGPA & Financially strained & Unsupported,train,4th Year,3.00–3.49,Male,Hall,EEE,0,3.0,4.75,3.5,3.5,3.0,3.0,0.108
528,1,High-achieving & Future-anxious & Well-supported,holdout,2nd Year,3.80–4.00,Male,Mess,CE,0,4.333,3.75,4.5,3.0,3.0,5.0,0.33
529,1,High-achieving & Future-anxious & Well-supported,train,2nd Year,3.00–3.49,Male,Mess,ME,0,4.333,3.75,4.5,3.0,2.0,3.0,0.11
530,0,Low-CGPA & Financially strained & Unsupported,train,4th Year,3.00–3.49,Male,Hall,EEE,0,3.0,4.0,5.0,4.5,5.0,3.0,0.209
531,1,High-achieving & Future-anxious & Well-supported,train,4th Year,3.80–4.00,Male,Hall,ECE,0,4.333,4.25,4.0,4.0,3.0,5.0,0.202
532,0,Low-CGPA & Financially strained & Unsupported,train,2nd Year,3.80–4.00,Male,Other,ARCH,0,3.0,5.0,4.0,4.5,5.0,5.0,0.016
533,2,Future-confident & Light workload & Financially secure,train,4th Year,3.50–3.79,Male,Family,CE,0,3.333,3.0,4.5,3.0,2.0,4.0,-0.05
534,0,Low-CGPA & Financially strained & Unsupported,train,3rd Year,2.50–2.99,Male,Other,BECM,0,4.667,3.5,4.0,5.0,4.0,2.0,0.256
535,0,Low-CGPA & Financially strained & Unsupported,train,1st Year,Below 2.50,Male,Family,ME,0,4.333,4.25,4.5,4.0,1.0,1.0,0.144
536,2,Future-confident & Light workload & Financially secure,holdout,2nd Year,3.50–3.79,Male,Other,CE,0,4.0,2.75,4.0,4.5,4.0,4.0,-0.036
537,2,Future-confident & Light workload & Financially secure,train,4th Year,3.80–4.00,Male,Hall,CE,0,1.333,3.25,4.0,5.0,5.0,5.0,0.012
538,2,Future-confident & Light workload & Financially secure,holdout,1st Year,3.50–3.79,Male,Mess,CE,0,3.0,3.5,2.5,2.5,2.0,4.0,0.228
539,2,Future-confident & Light workload & Financially secure,holdout,3rd Year,3.50–3.79,Male,Hall,BECM,0,1.667,3.75,3.0,4.5,2.0,4.0,0.204
540,1,High-achieving & Future-anxious & Well-supported,holdout,3rd Year,3.50–3.79,Male,Family,BECM,0,5.0,2.75,4.5,4.0,3.0,4.0,0.098
541,2,Future-confident & Light workload & Financially secure,train,2nd Year,2.50–2.99,Male,Mess,ECE,1,3.667,4.0,2.5,3.5,1.0,2.0,0.165
542,2,Future-confident & Light workload & Financially secure,holdout,4th Year,3.00–3.49,Male,Hall,ME,0,2.667,4.75,2.5,2.0,1.0,3.0,0.139
543,1,High-achieving & Future-anxious & Well-supported,train,3rd Year,3.50–3.79,Male,Hall,ECE,0,3.667,4.75,5.0,4.5,1.0,4.0,0.107
544,2,Future-confident & Light workload & Financially secure,train,2nd Year,3.50–3.79,Female,Mess,ECE,0,4.0,2.25,4.5,3.5,2.0,4.0,0.01
545,2,Future-confident & Light workload & Financially secure,train,3rd Year,3.50–3.79,Male,Hall,ECE,0,4.333,4.5,3.0,3.0,1.0,4.0,-0.027
546,1,High-achieving & Future-anxious & Well-supported,train,4th Year,3.80–4.00,Female,Hall,ME,0,4.667,4.75,4.5,1.5,2.0,5.0,0.312
547,0,Low-CGPA & Financially strained & Unsupported,train,3rd Year,3.00–3.49,Male,Hall,EEE,0,4.0,4.5,4.0,2.5,5.0,3.0,0.145
548,1,High-achieving & Future-anxious & Well-supported,train,2nd Year,3.50–3.79,Female,Mess,EEE,1,5.0,3.75,4.0,3.5,2.0,4.0,0.174
549,0,Low-CGPA & Financially strained & Unsupported,train,2nd Year,3.00–3.49,Male,Mess,BECM,0,4.667,4.5,4.5,2.5,4.0,3.0,0.055
550,0,Low-CGPA & Financially strained & Unsupported,train,3rd Year,3.00–3.49,Male,Other,BECM,1,3.333,3.5,5.0,4.5,2.0,3.0,0.008
551,0,Low-CGPA & Financially strained & Unsupported,holdout,3rd Year,3.00–3.49,Female,Hall,ARCH,0,4.667,5.0,4.0,3.5,3.0,3.0,0.128
552,0,Low-CGPA & Financially strained & Unsupported,holdout,3rd Year,3.00–3.49,Male,Mess,ARCH,0,5.0,4.25,3.5,3.5,4.0,3.0,0.176
553,0,Low-CGPA & Financially strained & Unsupported,holdout,2nd Year,2.50–2.99,Male,Mess,TE,1,5.0,4.0,4.5,5.0,3.0,2.0,0.23
554,1,High-achieving & Future-anxious & Well-supported,holdout,2nd Year,3.50–3.79,Male,Mess,EEE,0,4.667,4.5,5.0,2.5,3.0,4.0,0.228
555,0,Low-CGPA & Financially strained & Unsupported,holdout,2nd Year,3.00–3.49,Male,Mess,EEE,0,5.0,4.75,4.5,5.0,5.0,3.0,0.275
556,1,High-achieving & Future-anxious & Well-supported,train,2nd Year,3.50–3.79,Male,Mess,EEE,0,5.0,1.25,5.0,2.5,5.0,4.0,0.077
557,2,Future-confident & Light workload & Financially secure,train,2nd Year,3.50–3.79,Male,Family,EEE,0,2.333,3.5,3.5,1.5,3.0,4.0,0.051
558,1,High-achieving & Future-anxious & Well-supported,holdout,2nd Year,3.50–3.79,Male,Mess,EEE,0,3.333,4.0,4.0,2.0,2.0,4.0,0.162
559,0,Low-CGPA & Financially strained & Unsupported,train,2nd Year,3.00–3.49,Male,Mess,EEE,0,5.0,5.0,5.0,3.0,5.0,3.0,0.156
560,1,High-achieving & Future-anxious & Well-supported,train,2nd Year,3.80–4.00,Male,Mess,EEE,0,3.667,4.5,4.0,4.0,5.0,5.0,0.052
561,0,Low-CGPA & Financially strained & Unsupported,train,2nd Year,2.50–2.99,Male,Other,TE,0,2.0,3.75,4.5,3.0,4.0,2.0,0.111
562,2,Future-confident & Light workload & Financially secure,train,2nd Year,3.80–4.00,Male,Family,EEE,0,1.667,3.5,4.0,4.5,5.0,5.0,-0.034
563,2,Future-confident & Light workload & Financially secure,train,2nd Year,3.80–4.00,Male,Other,EEE,0,1.667,3.5,3.5,3.0,1.0,5.0,0.137
564,0,Low-CGPA & Financially strained & Unsupported,train,2nd Year,2.50–2.99,Male,Mess,MSE,0,4.667,4.75,4.0,5.0,5.0,2.0,0.337
565,2,Future-confident & Light workload & Financially secure,train,2nd Year,3.50–3.79,Male,Mess,TE,0,1.667,2.75,4.0,4.5,2.0,4.0,0.168
566,0,Low-CGPA & Financially strained & Unsupported,train,2nd Year,3.00–3.49,Male,Mess,EEE,0,4.667,4.0,5.0,3.5,4.0,3.0,0.114
567,2,Future-confident & Light workload & Financially secure,train,2nd Year,3.50–3.79,Male,Other,TE,0,3.0,3.75,2.5,3.0,1.0,4.0,0.236
568,2,Future-confident & Light workload & Financially secure,train,2nd Year,3.50–3.79,Male,Mess,EEE,0,3.0,3.25,3.5,2.0,4.0,4.0,-0.01
569,0,Low-CGPA & Financially strained & Unsupported,train,2nd Year,3.00–3.49,Male,Mess,EEE,0,3.667,4.75,2.0,5.0,5.0,3.0,0.168
570,1,High-achieving & Future-anxious & Well-supported,train,2nd Year,3.80–4.00,Male,Family,EEE,0,4.333,4.0,4.5,4.5,3.0,5.0,0.163
571,2,Future-confident & Light workload & Financially secure,train,2nd Year,3.80–4.00,Male,Family,EEE,0,4.667,2.5,3.0,3.5,4.0,5.0,0.003
572,1,High-achieving & Future-anxious & Well-supported,train,2nd Year,3.50–3.79,Female,Hall,BME,0,4.333,3.75,4.0,4.0,3.0,4.0,0.085
573,2,Future-confident & Light workload & Financially secure,holdout,2nd Year,3.80–4.00,Male,Mess,EEE,0,4.0,4.0,2.5,3.0,1.0,5.0,0.073
574,0,Low-CGPA & Financially strained & Unsupported,holdout,2nd Year,3.00–3.49,Male,Mess,TE,0,5.0,3.25,4.0,3.5,5.0,3.0,0.132
575,1,High-achieving & Future-anxious & Well-supported,train,2nd Year,3.50–3.79,Male,Mess,EEE,0,5.0,5.0,5.0,3.0,1.0,4.0,0.187
576,0,Low-CGPA & Financially strained & Unsupported,train,2nd Year,3.50–3.79,Male,Mess,EEE,0,4.667,3.0,4.0,5.0,4.0,4.0,0.044
577,0,Low-CGPA & Financially strained & Unsupported,train,2nd Year,3.00–3.49,Male,Mess,TE,0,5.0,2.75,5.0,5.0,3.0,3.0,0.057
578,1,High-achieving & Future-anxious & Well-supported,train,2nd Year,3.80–4.00,Male,Mess,EEE,0,3.667,4.25,4.0,3.0,5.0,5.0,0.174
579,2,Future-confident & Light workload & Financially secure,train,2nd Year,3.50–3.79,Male,Family,EEE,0,3.667,2.75,4.0,4.5,4.0,4.0,-0.01
580,1,High-achieving & Future-anxious & Well-supported,train,2nd Year,3.50–3.79,Male,Mess,EEE,0,3.0,4.25,4.0,2.0,2.0,4.0,0.16
581,0,Low-CGPA & Financially strained & Unsupported,holdout,2nd Year,3.00–3.49,Male,Mess,TE,0,4.667,3.0,5.0,4.0,5.0,3.0,0.112
582,1,High-achieving & Future-anxious & Well-supported,train,2nd Year,3.80–4.00,Male,Mess,EEE,0,4.667,2.0,4.5,2.0,3.0,5.0,0.102
583,2,Future-confident & Light workload & Financially secure,train,2nd Year,3.50–3.79,Female,Other,TE,0,4.333,1.5,4.0,1.0,2.0,4.0,0.044
584,2,Future-confident & Light workload & Financially secure,train,2nd Year,3.80–4.00,Female,Hall,TE,0,3.0,3.25,4.0,2.5,1.0,5.0,0.002
585,1,High-achieving & Future-anxious & Well-supported,train,2nd Year,3.80–4.00,Male,Family,EEE,0,2.333,3.5,4.5,3.0,2.0,5.0,0.09
586,2,Future-confident & Light workload & Financially secure,train,2nd Year,3.80–4.00,Female,Hall,TE,0,4.0,2.0,2.0,5.0,5.0,5.0,0.11
587,1,High-achieving & Future-anxious & Well-supported,train,2nd Year,3.50–3.79,Female,Family,TE,0,4.667,2.75,5.0,3.0,5.0,4.0,0.088
588,0,Low-CGPA & Financially strained & Unsupported,holdout,2nd Year,3.00–3.49,Male,Mess,TE,0,3.0,4.0,5.0,3.0,5.0,3.0,0.099
589,1,High-achieving & Future-anxious & Well-supported,train,Other,3.50–3.79,Male,Mess,EEE,0,3.0,5.0,3.5,4.0,2.0,4.0,0.053
590,0,Low-CGPA & Financially strained & Unsupported,holdout,2nd Year,Below 2.50,Male,Mess,MSE,0,3.667,3.75,3.5,4.5,5.0,1.0,0.264
591,2,Future-confident & Light workload & Financially secure,train,2nd Year,2.50–2.99,Male,Mess,MSE,1,3.333,4.75,3.5,2.5,2.0,2.0,-0.062
592,1,High-achieving & Future-anxious & Well-supported,train,2nd Year,3.50–3.79,Male,Mess,EEE,0,4.333,3.75,4.0,3.5,3.0,4.0,0.154
593,0,Low-CGPA & Financially strained & Unsupported,train,2nd Year,3.50–3.79,Male,Mess,EEE,0,3.667,4.0,4.5,3.5,5.0,4.0,0.01
594,2,Future-confident & Light workload & Financially secure,train,2nd Year,3.00–3.49,Female,Hall,MSE,0,3.333,2.25,3.0,2.0,2.0,3.0,0.233
595,2,Future-confident & Light workload & Financially secure,train,2nd Year,3.50–3.79,Male,Mess,IEM,0,3.333,3.75,2.0,1.0,5.0,4.0,0.041
596,2,Future-confident & Light workload & Financially secure,holdout,2nd Year,2.50–2.99,Male,Mess,IEM,1,3.333,4.25,2.5,3.0,1.0,2.0,0.171
597,2,Future-confident & Light workload & Financially secure,train,2nd Year,3.00–3.49,Male,Mess,IEM,0,2.333,2.25,5.0,2.0,5.0,3.0,-0.024
598,1,High-achieving & Future-anxious & Well-supported,holdout,1st Year,3.50–3.79,Male,Mess,ECE,0,4.0,4.25,5.0,3.0,4.0,4.0,0.151
599,1,High-achieving & Future-anxious & Well-supported,train,2nd Year,3.00–3.49,Male,Mess,IEM,0,4.667,4.5,5.0,3.0,3.0,3.0,-0.003
600,1,High-achieving & Future-anxious & Well-supported,train,2nd Year,3.50–3.79,Male,Other,EEE,0,3.333,4.75,5.0,3.5,4.0,4.0,0.049
601,1,High-achieving & Future-anxious & Well-supported,train,1st Year,3.00–3.49,Female,Hall,ECE,0,4.333,4.25,4.0,3.0,2.0,3.0,0.065
602,0,Low-CGPA & Financially strained & Unsupported,train,1st Year,Below 2.50,Male,Mess,EEE,0,4.333,4.25,5.0,4.0,1.0,1.0,0.13
603,2,Future-confident & Light workload & Financially secure,train,1st Year,3.00–3.49,Male,Family,CE,0,3.333,3.0,4.5,3.0,3.0,3.0,-0.022
604,0,Low-CGPA & Financially strained & Unsupported,holdout,2nd Year,2.50–2.99,Female,Mess,IEM,0,5.0,4.0,5.0,3.0,4.0,2.0,0.177
605,1,High-achieving & Future-anxious & Well-supported,holdout,1st Year,3.80–4.00,Female,Family,ECE,0,3.333,3.75,3.5,5.0,4.0,5.0,0.026
606,0,Low-CGPA & Financially strained & Unsupported,holdout,2nd Year,3.00–3.49,Male,Mess,IEM,1,3.667,4.25,4.5,1.5,5.0,3.0,-0.015
607,1,High-achieving & Future-anxious & Well-supported,train,1st Year,3.80–4.00,Male,Mess,EEE,0,4.333,4.25,5.0,3.5,4.0,5.0,0.221
608,0,Low-CGPA & Financially strained & Unsupported,holdout,2nd Year,2.50–2.99,Male,Mess,IEM,0,4.333,4.25,3.0,4.5,5.0,2.0,0.31
609,1,High-achieving & Future-anxious & Well-supported,holdout,1st Year,3.80–4.00,Male,Mess,ECE,0,3.0,4.25,4.0,2.0,3.0,5.0,0.26
610,1,High-achieving & Future-anxious & Well-supported,train,1st Year,3.00–3.49,Male,Mess,EEE,0,3.667,5.0,5.0,1.0,5.0,3.0,0.029
611,2,Future-confident & Light workload & Financially secure,train,1st Year,3.80–4.00,Male,Family,EEE,0,4.333,3.5,3.0,3.0,2.0,5.0,-0.013
612,2,Future-confident & Light workload & Financially secure,holdout,2nd Year,3.50–3.79,Male,Mess,EEE,0,3.667,3.75,3.0,3.5,3.0,4.0,0.059
613,2,Future-confident & Light workload & Financially secure,train,2nd Year,3.50–3.79,Male,Mess,TE,0,2.333,2.5,3.0,3.5,2.0,4.0,0.27
614,2,Future-confident & Light workload & Financially secure,train,1st Year,3.80–4.00,Male,Family,EEE,1,3.333,4.75,3.0,5.0,1.0,5.0,0.007
615,0,Low-CGPA & Financially strained & Unsupported,train,1st Year,3.00–3.49,Male,Mess,EEE,0,5.0,3.5,4.5,3.0,5.0,3.0,0.1
616,2,Future-confident & Light workload & Financially secure,holdout,1st Year,3.50–3.79,Male,Mess,CE,0,4.333,2.5,3.0,2.0,1.0,4.0,0.148
617,0,Low-CGPA & Financially strained & Unsupported,train,1st Year,3.00–3.49,Male,Mess,CHE,1,5.0,5.0,5.0,4.0,5.0,3.0,0.228
618,1,High-achieving & Future-anxious & Well-supported,holdout,2nd Year,3.00–3.49,Male,Mess,TE,0,4.333,3.0,5.0,2.5,2.0,3.0,0.134
619,1,High-achieving & Future-anxious & Well-supported,train,1st Year,3.00–3.49,Male,Mess,EEE,0,3.667,5.0,5.0,1.0,5.0,3.0,0.029
620,1,High-achieving & Future-anxious & Well-supported,train,1st Year,3.80–4.00,Male,Other,ECE,0,4.667,4.5,4.0,3.0,2.0,5.0,0.297
621,2,Future-confident & Light workload & Financially secure,train,1st Year,3.80–4.00,Female,Other,EEE,0,3.333,3.25,3.5,1.0,1.0,5.0,0.014
622,1,High-achieving & Future-anxious & Well-supported,train,1st Year,3.50–3.79,Male,Mess,EEE,0,3.667,4.5,4.0,3.0,1.0,4.0,0.167
623,2,Future-confident & Light workload & Financially secure,train,1st Year,3.50–3.79,Male,Mess,EEE,1,3.333,3.25,4.0,2.5,3.0,4.0,-0.078
624,1,High-achieving & Future-anxious & Well-supported,train,2nd Year,3.80–4.00,Male,Mess,MSE,0,3.667,3.75,3.5,3.5,3.0,5.0,0.136
625,0,Low-CGPA & Financially strained & Unsupported,train,1st Year,2.50–2.99,Male,Mess,CHE,0,4.0,4.0,2.5,2.0,5.0,2.0,0.114
626,0,Low-CGPA & Financially strained & Unsupported,train,1st Year,Below 2.50,Male,Mess,EEE,0,5.0,4.0,5.0,3.0,5.0,1.0,0.24
627,1,High-achieving & Future-anxious & Well-supported,train,1st Year,3.80–4.00,Female,Mess,ECE,0,4.0,4.5,4.5,2.5,3.0,5.0,0.35
628,2,Future-confident & Light workload & Financially secure,train,1st Year,3.80–4.00,Male,Family,EEE,0,3.667,2.75,4.0,3.0,1.0,5.0,0.023
629,0,Low-CGPA & Financially strained & Unsupported,train,1st Year,2.50–2.99,Female,Hall,ME,0,4.667,4.75,5.0,3.0,3.0,2.0,0.153
630,2,Future-confident & Light workload & Financially secure,holdout,1st Year,3.00–3.49,Female,Other,CE,0,4.333,4.25,3.5,3.5,1.0,3.0,0.005
631,1,High-achieving & Future-anxious & Well-supported,holdout,1st Year,3.50–3.79,Male,Mess,EEE,0,5.0,4.0,5.0,1.0,5.0,4.0,0.151
632,2,Future-confident & Light workload & Financially secure,holdout,1st Year,3.00–3.49,Male,Mess,MTE,0,3.667,3.75,2.0,3.5,3.0,3.0,0.151
633,1,High-achieving & Future-anxious & Well-supported,train,1st Year,3.50–3.79,Male,Mess,EEE,0,3.0,4.5,3.5,2.0,3.0,4.0,0.148
634,2,Future-confident & Light workload & Financially secure,train,1st Year,3.50–3.79,Female,Other,ECE,0,4.0,3.5,3.5,3.0,2.0,4.0,0.0
635,0,Low-CGPA & Financially strained & Unsupported,train,1st Year,Below 2.50,Male,Mess,CHE,0,3.667,4.0,4.0,1.5,5.0,1.0,0.168
636,2,Future-confident & Light workload & Financially secure,train,1st Year,2.50–2.99,Male,Mess,EEE,0,3.667,3.75,3.5,3.0,1.0,2.0,0.142
637,1,High-achieving & Future-anxious & Well-supported,train,1st Year,3.80–4.00,Male,Mess,EEE,0,3.667,2.75,5.0,3.0,4.0,5.0,0.221
638,0,Low-CGPA & Financially strained & Unsupported,train,1st Year,Below 2.50,Male,Other,EEE,0,5.0,4.0,4.0,3.0,3.0,1.0,0.205
639,1,High-achieving & Future-anxious & Well-supported,holdout,1st Year,3.50–3.79,Male,Mess,EEE,0,4.667,4.25,4.0,2.0,2.0,4.0,0.271
640,2,Future-confident & Light workload & Financially secure,train,1st Year,3.50–3.79,Female,Family,MTE,0,5.0,3.25,1.0,5.0,1.0,4.0,0.166
641,1,High-achieving & Future-anxious & Well-supported,train,1st Year,3.80–4.00,Male,Mess,ME,0,2.333,4.0,5.0,4.0,5.0,5.0,0.087
642,2,Future-confident & Light workload & Financially secure,train,1st Year,3.50–3.79,Male,Mess,CHE,0,2.667,2.5,2.0,3.0,2.0,4.0,0.29
643,1,High-achieving & Future-anxious & Well-supported,holdout,1st Year,3.80–4.00,Male,Mess,ME,0,4.333,2.0,5.0,1.0,3.0,5.0,0.124
644,1,High-achieving & Future-anxious & Well-supported,holdout,1st Year,3.00–3.49,Male,Mess,CE,0,2.667,3.25,5.0,1.0,5.0,3.0,0.082
645,0,Low-CGPA & Financially strained & Unsupported,holdout,1st Year,3.00–3.49,Male,Mess,EEE,1,5.0,5.0,3.5,4.5,5.0,3.0,0.273
646,2,Future-confident & Light workload & Financially secure,holdout,1st Year,3.50–3.79,Male,Mess,CHE,0,1.667,3.25,2.5,2.5,1.0,4.0,0.267
647,1,High-achieving & Future-anxious & Well-supported,train,1st Year,3.80–4.00,Male,Mess,EEE,0,4.333,4.0,5.0,1.0,2.0,5.0,0.306
648,0,Low-CGPA & Financially strained & Unsupported,train,1st Year,Below 2.50,Male,Mess,EEE,0,5.0,4.5,5.0,4.0,5.0,1.0,0.292
649,1,High-achieving & Future-anxious & Well-supported,train,1st Year,3.50–3.79,Male,Mess,ECE,0,3.667,4.0,4.0,2.0,3.0,4.0,0.26
650,0,Low-CGPA & Financially strained & Unsupported,holdout,1st Year,3.00–3.49,Male,Mess,EEE,0,5.0,4.0,5.0,3.0,5.0,3.0,0.117
651,2,Future-confident & Light workload & Financially secure,train,2nd Year,3.50–3.79,Male,Mess,TE,0,1.667,4.25,4.5,5.0,2.0,4.0,-0.008
652,0,Low-CGPA & Financially strained & Unsupported,holdout,1st Year,Below 2.50,Male,Family,EEE,0,4.0,4.75,5.0,3.0,4.0,1.0,0.251
653,1,High-achieving & Future-anxious & Well-supported,train,1st Year,3.80–4.00,Male,Mess,EEE,0,3.0,3.5,4.5,2.0,3.0,5.0,0.228
654,0,Low-CGPA & Financially strained & Unsupported,holdout,1st Year,Below 2.50,Male,Mess,CE,0,5.0,5.0,5.0,4.0,5.0,1.0,0.29
655,0,Low-CGPA & Financially strained & Unsupported,holdout,1st Year,3.00–3.49,Male,Mess,EEE,0,4.0,4.25,5.0,4.0,2.0,3.0,0.005
656,1,High-achieving & Future-anxious & Well-supported,train,1st Year,3.50–3.79,Female,Hall,EEE,0,4.333,4.25,4.0,2.5,2.0,4.0,0.275
657,1,High-achieving & Future-anxious & Well-supported,train,1st Year,3.00–3.49,Male,Mess,ME,1,4.333,5.0,5.0,2.0,3.0,3.0,0.072
658,2,Future-confident & Light workload & Financially secure,train,1st Year,3.50–3.79,Male,Mess,MTE,0,1.667,2.5,1.0,1.0,1.0,4.0,0.226
659,0,Low-CGPA & Financially strained & Unsupported,train,1st Year,3.00–3.49,Male,Mess,ECE,0,4.333,5.0,3.0,3.0,5.0,3.0,0.198
660,1,High-achieving & Future-anxious & Well-supported,holdout,1st Year,3.80–4.00,Male,Mess,EEE,0,3.333,4.25,4.0,3.5,3.0,5.0,0.263
661,2,Future-confident & Light workload & Financially secure,train,1st Year,3.00–3.49,Male,Mess,EEE,0,3.667,3.75,3.5,4.0,3.0,3.0,-0.061
662,2,Future-confident & Light workload & Financially secure,train,1st Year,3.50–3.79,Male,Mess,ME,0,4.333,3.0,3.0,2.5,1.0,4.0,0.14
663,0,Low-CGPA & Financially strained & Unsupported,train,1st Year,3.50–3.79,Male,Mess,EEE,0,2.667,4.0,4.5,5.0,4.0,4.0,0.077
664,1,High-achieving & Future-anxious & Well-supported,holdout,1st Year,3.80–4.00,Male,Other,MTE,0,2.333,4.5,4.0,3.0,2.0,5.0,0.143
665,1,High-achieving & Future-anxious & Well-supported,holdout,1st Year,3.80–4.00,Male,Family,EEE,0,3.667,3.75,3.5,3.0,3.0,5.0,0.157
666,2,Future-confident & Light workload & Financially secure,train,1st Year,3.80–4.00,Female,Other,EEE,0,2.667,2.75,2.5,3.0,1.0,5.0,0.234
667,1,High-achieving & Future-anxious & Well-supported,train,1st Year,3.50–3.79,Male,Mess,CE,0,2.333,4.75,5.0,2.0,2.0,4.0,0.229
668,2,Future-confident & Light workload & Financially secure,train,1st Year,Below 2.50,Male,Other,ME,0,2.667,3.25,4.0,2.5,2.0,1.0,0.086
669,0,Low-CGPA & Financially strained & Unsupported,train,2nd Year,3.00–3.49,Male,Mess,MSE,1,3.0,4.0,4.0,4.0,5.0,3.0,0.231
670,1,High-achieving & Future-anxious & Well-supported,train,1st Year,3.50–3.79,Male,Other,BECM,0,4.667,2.75,5.0,2.5,1.0,4.0,0.127
671,2,Future-confident & Light workload & Financially secure,train,1st Year,2.50–2.99,Female,Hall,CHE,0,5.0,4.25,2.5,2.0,1.0,2.0,0.078
672,1,High-achieving & Future-anxious & Well-supported,train,1st Year,3.80–4.00,Male,Family,ECE,0,5.0,4.25,5.0,1.0,5.0,5.0,0.211
673,1,High-achieving & Future-anxious & Well-supported,train,1st Year,3.80–4.00,Male,Other,EEE,0,4.0,3.0,4.5,3.0,1.0,5.0,0.109
674,2,Future-confident & Light workload & Financially secure,holdout,1st Year,3.80–4.00,Female,Other,EEE,0,3.333,4.0,2.5,3.5,2.0,5.0,0.1
675,0,Low-CGPA & Financially strained & Unsupported,train,1st Year,3.50–3.79,Male,Mess,MTE,0,4.0,4.5,5.0,3.5,5.0,4.0,0.029
676,0,Low-CGPA & Financially strained & Unsupported,train,1st Year,3.00–3.49,Male,Family,MTE,0,4.0,4.5,4.5,3.5,4.0,3.0,0.19
677,0,Low-CGPA & Financially strained & Unsupported,train,1st Year,3.50–3.79,Male,Mess,MTE,0,2.667,4.0,3.5,4.0,5.0,4.0,0.083
678,0,Low-CGPA & Financially strained & Unsupported,holdout,1st Year,Below 2.50,Male,Family,EEE,0,3.667,5.0,2.0,3.5,4.0,1.0,0.145
679,2,Future-confident & Light workload & Financially secure,train,1st Year,3.50–3.79,Female,Other,MTE,0,3.667,3.25,4.0,2.0,3.0,4.0,-0.126
680,2,Future-confident & Light workload & Financially secure,train,2nd Year,2.50–2.99,Male,Mess,IEM,1,4.667,3.5,3.0,2.5,2.0,2.0,0.079
681,2,Future-confident & Light workload & Financially secure,holdout,1st Year,3.50–3.79,Male,Mess,EEE,0,4.0,3.5,3.5,3.5,4.0,4.0,-0.107
682,2,Future-confident & Light workload & Financially secure,train,1st Year,3.00–3.49,Male,Mess,ME,0,2.333,4.0,4.0,2.5,4.0,3.0,-0.063
683,0,Low-CGPA & Financially strained & Unsupported,train,1st Year,3.00–3.49,Male,Mess,ECE,0,3.667,3.25,3.5,3.0,5.0,3.0,0.105
684,1,High-achieving & Future-anxious & Well-supported,train,1st Year,3.00–3.49,Male,Mess,ME,0,3.667,3.5,4.0,2.0,4.0,3.0,0.055
685,0,Low-CGPA & Financially strained & Unsupported,train,2nd Year,3.50–3.79,Male,Mess,TE,0,3.0,3.75,3.5,3.0,5.0,4.0,-0.024
686,2,Future-confident & Light workload & Financially secure,train,1st Year,3.00–3.49,Female,Mess,EEE,0,5.0,4.0,2.5,3.0,3.0,3.0,-0.021
687,0,Low-CGPA & Financially strained & Unsupported,train,1st Year,Below 2.50,Male,Mess,EEE,1,4.333,5.0,3.0,3.5,3.0,1.0,0.227
688,1,High-achieving & Future-anxious & Well-supported,train,1st Year,3.50–3.79,Male,Mess,ARCH,0,2.667,4.25,4.5,2.5,1.0,4.0,0.128
689,2,Future-confident & Light workload & Financially secure,holdout,1st Year,3.50–3.79,Male,Mess,EEE,0,4.0,4.25,1.0,3.0,2.0,4.0,0.167
690,2,Future-confident & Light workload & Financially secure,train,1st Year,Below 2.50,Male,Mess,CE,0,2.333,3.5,4.0,2.5,1.0,1.0,0.128
691,0,Low-CGPA & Financially strained & Unsupported,holdout,2nd Year,3.00–3.49,Female,Other,MTE,0,3.0,4.25,4.0,3.5,3.0,3.0,0.071
692,1,High-achieving & Future-anxious & Well-supported,train,2nd Year,3.80–4.00,Male,Mess,EEE,0,4.333,3.5,5.0,3.5,1.0,5.0,0.23
693,2,Future-confident & Light workload & Financially secure,holdout,1st Year,3.80–4.00,Male,Family,MTE,0,1.0,3.75,3.0,3.5,5.0,5.0,0.06
694,0,Low-CGPA & Financially strained & Unsupported,train,4th Year,3.00–3.49,Male,Hall,EEE,0,3.667,5.0,4.0,3.0,4.0,3.0,0.153
695,1,High-achieving & Future-anxious & Well-supported,train,1st Year,3.50–3.79,Male,Mess,ME,0,4.333,2.0,5.0,1.0,4.0,4.0,0.117
696,1,High-achieving & Future-anxious & Well-supported,train,1st Year,3.80–4.00,Male,Mess,MTE,0,2.333,3.5,4.5,1.5,3.0,5.0,0.15
697,2,Future-confident & Light workload & Financially secure,train,1st Year,3.80–4.00,Male,Mess,ME,0,3.333,2.5,3.5,4.0,3.0,5.0,0.083
698,2,Future-confident & Light workload & Financially secure,train,2nd Year,3.50–3.79,Male,Hall,ARCH,0,2.333,4.25,3.0,4.5,1.0,4.0,0.165
699,2,Future-confident & Light workload & Financially secure,holdout,1st Year,3.80–4.00,Male,Mess,ME,0,3.667,3.25,3.5,3.0,3.0,5.0,-0.07
700,1,High-achieving & Future-anxious & Well-supported,train,1st Year,3.80–4.00,Male,Mess,EEE,0,3.0,4.0,4.5,2.0,2.0,5.0,0.247
701,0,Low-CGPA & Financially strained & Unsupported,train,1st Year,3.00–3.49,Female,Family,CHE,0,5.0,3.5,5.0,3.5,5.0,3.0,0.12
702,2,Future-confident & Light workload & Financially secure,holdout,1st Year,3.00–3.49,Male,Mess,CSE,0,2.0,2.5,1.5,4.0,1.0,3.0,0.299
703,0,Low-CGPA & Financially strained & Unsupported,holdout,1st Year,3.00–3.49,Male,Mess,ECE,0,3.333,5.0,2.5,3.5,5.0,3.0,0.196
704,1,High-achieving & Future-anxious & Well-supported,train,1st Year,3.80–4.00,Male,Mess,ME,0,4.0,3.5,5.0,3.5,3.0,5.0,0.28
705,2,Future-confident & Light workload & Financially secure,holdout,1st Year,3.00–3.49,Male,Mess,EEE,0,3.333,3.75,3.5,4.0,3.0,3.0,-0.021
706,1,High-achieving & Future-anxious & Well-supported,train,1st Year,3.80–4.00,Male,Family,ME,0,3.667,4.5,4.5,2.5,3.0,5.0,0.35
707,0,Low-CGPA & Financially strained & Unsupported,train,1st Year,Below 2.50,Male,Mess,CHE,0,5.0,5.0,3.0,5.0,5.0,1.0,0.293
708,2,Future-confident & Light workload & Financially secure,train,1st Year,3.50–3.79,Female,Family,ME,0,3.667,3.0,3.0,5.0,5.0,4.0,-0.04
709,1,High-achieving & Future-anxious & Well-supported,train,2nd Year,3.50–3.79,Female,Mess,ARCH,0,4.333,5.0,4.5,3.0,1.0,4.0,0.211
710,1,High-achieving & Future-anxious & Well-supported,train,2nd Year,3.80–4.00,Male,Mess,EEE,0,3.667,4.5,4.5,3.0,2.0,5.0,0.339
711,0,Low-CGPA & Financially strained & Unsupported,train,1st Year,3.50–3.79,Female,Hall,MTE,0,4.667,4.75,3.0,2.5,5.0,4.0,0.019
712,2,Future-confident & Light workload & Financially secure,holdout,1st Year,3.50–3.79,Male,Mess,ME,1,2.667,3.25,4.0,3.5,3.0,4.0,0.04
713,1,High-achieving & Future-anxious & Well-supported,train,1st Year,3.80–4.00,Male,Mess,ME,0,4.667,2.25,5.0,1.5,3.0,5.0,0.167
714,1,High-achieving & Future-anxious & Well-supported,train,1st Year,3.80–4.00,Male,Mess,EEE,0,4.333,4.25,4.5,4.0,3.0,5.0,0.221
715,1,High-achieving & Future-anxious & Well-supported,holdout,1st Year,3.50–3.79,Male,Family,ECE,0,4.333,3.0,5.0,2.5,3.0,4.0,0.236
716,1,High-achieving & Future-anxious & Well-supported,train,1st Year,3.80–4.00,Female,Mess,ME,0,3.667,5.0,3.5,3.0,5.0,5.0,0.093
717,0,Low-CGPA & Financially strained & Unsupported,train,2nd Year,3.50–3.79,Male,Mess,IEM,0,4.333,4.25,3.0,4.0,4.0,4.0,0.072
718,0,Low-CGPA & Financially strained & Unsupported,train,1st Year,2.50–2.99,Male,Mess,EEE,1,5.0,5.0,5.0,4.0,2.0,2.0,0.146
719,0,Low-CGPA & Financially strained & Unsupported,train,4th Year,3.00–3.49,Male,Hall,ME,0,3.0,4.75,4.5,3.0,4.0,3.0,0.103
720,1,High-achieving & Future-anxious & Well-supported,train,1st Year,3.50–3.79,Male,Family,ME,0,3.667,5.0,3.5,2.0,3.0,4.0,0.172
721,1,High-achieving & Future-anxious & Well-supported,train,3rd Year,3.00–3.49,Male,Hall,CE,0,3.333,4.5,4.5,3.0,2.0,3.0,0.082
722,1,High-achieving & Future-anxious & Well-supported,holdout,1st Year,3.80–4.00,Male,Mess,ME,0,3.333,4.25,3.5,2.5,5.0,5.0,0.171
723,2,Future-confident & Light workload & Financially secure,train,1st Year,Below 2.50,Male,Mess,ME,0,1.333,3.5,2.0,1.0,3.0,1.0,0.156
724,0,Low-CGPA & Financially strained & Unsupported,holdout,4th Year,3.00–3.49,Male,Hall,ECE,0,1.667,4.25,4.5,4.5,5.0,3.0,0.164
725,1,High-achieving & Future-anxious & Well-supported,train,1st Year,3.80–4.00,Female,Family,EEE,0,4.333,3.75,3.5,3.0,3.0,5.0,0.207
726,0,Low-CGPA & Financially strained & Unsupported,train,1st Year,3.00–3.49,Male,Mess,EEE,0,4.0,4.25,4.5,3.0,4.0,3.0,0.105
727,0,Low-CGPA & Financially strained & Unsupported,train,4th Year,3.50–3.79,Male,Hall,BECM,0,5.0,4.75,3.5,5.0,5.0,4.0,0.181
728,0,Low-CGPA & Financially strained & Unsupported,train,1st Year,3.00–3.49,Female,Mess,ECE,0,4.0,3.25,4.0,3.5,4.0,3.0,0.088
729,1,High-achieving & Future-anxious & Well-supported,train,1st Year,3.50–3.79,Male,Mess,EEE,0,4.0,4.0,4.0,2.5,5.0,4.0,0.085
730,2,Future-confident & Light workload & Financially secure,train,2nd Year,2.50–2.99,Male,Family,CE,0,3.667,2.0,3.5,3.0,1.0,2.0,0.218
731,1,High-achieving & Future-anxious & Well-supported,train,1st Year,3.80–4.00,Female,Hall,IEM,0,5.0,4.5,4.5,2.0,4.0,5.0,0.26
732,1,High-achieving & Future-anxious & Well-supported,holdout,1st Year,3.80–4.00,Female,Family,IEM,0,4.333,3.75,5.0,2.5,5.0,5.0,0.228
733,1,High-achieving & Future-anxious & Well-supported,train,1st Year,3.50–3.79,Male,Mess,IEM,0,2.667,4.75,5.0,2.0,1.0,4.0,0.215
734,1,High-achieving & Future-anxious & Well-supported,holdout,1st Year,3.80–4.00,Female,Family,IEM,0,3.333,4.0,3.5,3.0,4.0,5.0,0.202
735,1,High-achieving & Future-anxious & Well-supported,holdout,1st Year,3.50–3.79,Female,Mess,IEM,0,5.0,3.25,4.0,1.0,3.0,4.0,0.177
736,1,High-achieving & Future-anxious & Well-supported,train,2nd Year,3.80–4.00,Male,Family,EEE,0,3.667,3.0,4.5,3.5,5.0,5.0,0.153
737,1,High-achieving & Future-anxious & Well-supported,train,1st Year,3.80–4.00,Male,Mess,EEE,0,4.0,4.75,3.5,3.0,2.0,5.0,0.235
738,1,High-achieving & Future-anxious & Well-supported,holdout,4th Year,3.50–3.79,Male,Hall,ECE,0,3.333,4.0,5.0,4.0,2.0,4.0,0.163
739,1,High-achieving & Future-anxious & Well-supported,holdout,1st Year,3.50–3.79,Male,Other,IEM,0,4.333,3.5,4.0,4.5,3.0,4.0,0.031
740,0,Low-CGPA & Financially strained & Unsupported,holdout,1st Year,3.00–3.49,Male,Mess,IEM,0,4.667,4.5,4.0,2.0,5.0,3.0,0.083
741,1,High-achieving & Future-anxious & Well-supported,train,3rd Year,3.50–3.79,Male,Mess,CE,0,3.667,4.0,5.0,3.5,1.0,4.0,0.222
742,1,High-achieving & Future-anxious & Well-supported,train,1st Year,3.50–3.79,Female,Mess,IEM,0,4.667,4.25,4.0,3.0,1.0,4.0,0.199
743,1,High-achieving & Future-anxious & Well-supported,holdout,1st Year,3.80–4.00,Male,Mess,IEM,0,4.0,3.75,4.5,2.5,5.0,5.0,0.236
744,2,Future-confident & Light workload & Financially secure,train,2nd Year,3.00–3.49,Male,Family,ECE,0,3.333,2.75,3.0,4.5,3.0,3.0,0.163
745,1,High-achieving & Future-anxious & Well-supported,train,1st Year,3.50–3.79,Male,Mess,LE,0,4.667,4.0,4.5,2.5,3.0,4.0,0.255
746,0,Low-CGPA & Financially strained & Unsupported,holdout,1st Year,3.00–3.49,Female,Other,IEM,0,4.667,4.25,4.5,3.0,4.0,3.0,0.106
747,1,High-achieving & Future-anxious & Well-supported,train,1st Year,3.50–3.79,Male,Mess,ECE,0,3.333,4.25,4.0,3.0,4.0,4.0,0.117
748,0,Low-CGPA & Financially strained & Unsupported,train,4th Year,3.00–3.49,Male,Mess,BECM,0,3.667,4.0,5.0,3.5,3.0,3.0,0.015
749,1,High-achieving & Future-anxious & Well-supported,holdout,1st Year,3.80–4.00,Male,Mess,LE,1,4.667,4.75,5.0,3.0,5.0,5.0,0.148
750,2,Future-confident & Light workload & Financially secure,train,2nd Year,3.00–3.49,Male,Mess,MSE,0,2.0,4.5,1.0,3.0,5.0,3.0,0.065
751,1,High-achieving & Future-anxious & Well-supported,train,1st Year,3.50–3.79,Female,Mess,BECM,0,4.0,4.25,4.5,1.5,4.0,4.0,0.233
752,0,Low-CGPA & Financially strained & Unsupported,train,3rd Year,3.50–3.79,Male,Hall,EEE,0,4.0,4.5,5.0,5.0,5.0,4.0,0.154
753,0,Low-CGPA & Financially strained & Unsupported,train,1st Year,3.00–3.49,Male,Mess,ECE,0,3.333,4.5,5.0,4.5,4.0,3.0,0.209
754,1,High-achieving & Future-anxious & Well-supported,train,4th Year,3.80–4.00,Male,Hall,BECM,0,3.0,4.25,5.0,3.0,5.0,5.0,0.183
755,1,High-achieving & Future-anxious & Well-supported,train,1st Year,3.50–3.79,Female,Hall,CE,0,5.0,4.0,5.0,3.0,5.0,4.0,0.046
756,1,High-achieving & Future-anxious & Well-supported,holdout,1st Year,3.00–3.49,Female,Other,LE,0,4.667,5.0,4.5,1.0,4.0,3.0,0.055
757,0,Low-CGPA & Financially strained & Unsupported,holdout,1st Year,Below 2.50,Male,Mess,LE,0,5.0,4.25,3.5,3.5,5.0,1.0,0.295
758,1,High-achieving & Future-anxious & Well-supported,train,2nd Year,3.50–3.79,Female,Family,EEE,0,4.667,4.5,4.5,2.0,1.0,4.0,0.271
759,1,High-achieving & Future-anxious & Well-supported,holdout,1st Year,3.80–4.00,Female,Family,CE,0,4.333,3.5,5.0,4.0,2.0,5.0,0.247
760,2,Future-confident & Light workload & Financially secure,train,1st Year,3.80–4.00,Male,Other,ME,0,1.667,4.0,2.5,3.5,1.0,5.0,0.183
761,1,High-achieving & Future-anxious & Well-supported,train,1st Year,3.80–4.00,Male,Family,LE,0,5.0,4.0,4.0,5.0,1.0,5.0,0.132
762,0,Low-CGPA & Financially strained & Unsupported,train,1st Year,Below 2.50,Female,Mess,EEE,1,3.667,5.0,3.0,3.5,4.0,1.0,0.259
763,0,Low-CGPA & Financially strained & Unsupported,train,3rd Year,3.00–3.49,Male,Hall,LE,0,2.0,3.5,4.0,3.5,5.0,3.0,0.084
764,0,Low-CGPA & Financially strained & Unsupported,holdout,4th Year,3.00–3.49,Male,Hall,ECE,0,5.0,4.5,4.5,4.5,1.0,3.0,0.019
765,1,High-achieving & Future-anxious & Well-supported,train,1st Year,3.80–4.00,Female,Family,CE,0,5.0,3.0,5.0,5.0,1.0,5.0,0.129
766,1,High-achieving & Future-anxious & Well-supported,train,1st Year,3.80–4.00,Female,Other,IEM,0,4.667,3.75,3.5,3.5,3.0,5.0,0.201
767,2,Future-confident & Light workload & Financially secure,train,2nd Year,3.80–4.00,Male,Other,EEE,0,3.0,3.5,3.5,2.0,3.0,5.0,-0.068
768,1,High-achieving & Future-anxious & Well-supported,train,2nd Year,3.80–4.00,Male,Mess,BECM,0,3.0,4.5,4.0,5.0,4.0,5.0,0.012
769,1,High-achieving & Future-anxious & Well-supported,train,1st Year,3.50–3.79,Female,Family,LE,0,3.667,3.75,4.0,3.0,3.0,4.0,0.208
770,1,High-achieving & Future-anxious & Well-supported,train,1st Year,3.80–4.00,Male,Mess,IEM,0,3.0,4.75,5.0,1.0,5.0,5.0,0.21
771,1,High-achieving & Future-anxious & Well-supported,train,1st Year,3.00–3.49,Male,Mess,ME,0,5.0,3.25,4.0,1.5,3.0,3.0,0.121
772,2,Future-confident & Light workload & Financially secure,holdout,4th Year,3.50–3.79,Male,Hall,ME,0,1.667,3.75,3.5,3.5,4.0,4.0,0.075
773,1,High-achieving & Future-anxious & Well-supported,train,1st Year,3.80–4.00,Male,Mess,ME,0,4.0,4.5,4.0,2.5,4.0,5.0,0.277
774,1,High-achieving & Future-anxious & Well-supported,train,1st Year,3.80–4.00,Female,Mess,ME,0,5.0,3.75,5.0,3.5,3.0,5.0,0.249
775,2,Future-confident & Light workload & Financially secure,train,1st Year,3.00–3.49,Male,Mess,LE,0,3.0,2.5,2.0,2.5,1.0,3.0,0.297
776,0,Low-CGPA & Financially strained & Unsupported,train,1st Year,2.50–2.99,Male,Mess,IEM,0,2.667,4.25,4.5,4.0,5.0,2.0,0.278
777,2,Future-confident & Light workload & Financially secure,holdout,3rd Year,Below 2.50,Male,Hall,ME,0,2.333,3.25,3.5,3.5,1.0,1.0,0.16
778,1,High-achieving & Future-anxious & Well-supported,holdout,1st Year,3.80–4.00,Male,Mess,IEM,0,3.333,4.25,4.0,4.0,4.0,5.0,0.141
779,1,High-achieving & Future-anxious & Well-supported,train,1st Year,3.50–3.79,Male,Other,LE,0,4.333,3.75,4.0,2.0,3.0,4.0,0.263
780,0,Low-CGPA & Financially strained & Unsupported,train,2nd Year,3.00–3.49,Male,Hall,ECE,0,1.333,4.5,4.5,3.0,5.0,3.0,0.074
781,1,High-achieving & Future-anxious & Well-supported,train,1st Year,3.80–4.00,Male,Mess,LE,0,3.667,5.0,3.0,1.5,4.0,5.0,0.181
782,1,High-achieving & Future-anxious & Well-supported,train,1st Year,3.50–3.79,Male,Mess,LE,0,4.667,3.0,4.0,2.5,5.0,4.0,0.096
783,0,Low-CGPA & Financially strained & Unsupported,train,4th Year,3.00–3.49,Female,Hall,BECM,0,3.333,4.75,4.5,5.0,3.0,3.0,0.191
784,1,High-achieving & Future-anxious & Well-supported,train,3rd Year,3.50–3.79,Female,Other,BME,0,3.333,5.0,4.0,4.5,2.0,4.0,0.024
785,2,Future-confident & Light workload & Financially secure,train,4th Year,3.00–3.49,Female,Hall,ME,0,3.667,4.5,3.5,3.5,1.0,3.0,0.03
786,2,Future-confident & Light workload & Financially secure,train,3rd Year,3.00–3.49,Male,Hall,ECE,0,4.0,3.5,3.0,4.0,2.0,3.0,0.148
787,2,Future-confident & Light workload & Financially secure,train,1st Year,3.50–3.79,Male,Mess,MTE,0,4.667,4.5,1.0,2.5,1.0,4.0,0.122
788,0,Low-CGPA & Financially strained & Unsupported,train,1st Year,2.50–2.99,Male,Mess,CE,1,4.333,3.75,4.0,1.5,5.0,2.0,0.105
789,1,High-achieving & Future-anxious & Well-supported,train,4th Year,3.00–3.49,Female,Hall,ME,0,4.0,5.0,5.0,2.5,2.0,3.0,0.098
790,1,High-achieving & Future-anxious & Well-supported,train,2nd Year,3.80–4.00,Male,Family,ECE,0,5.0,4.25,4.5,3.5,5.0,5.0,0.114
791,0,Low-CGPA & Financially strained & Unsupported,train,1st Year,Below 2.50,Male,Family,BECM,0,4.333,4.75,5.0,2.5,3.0,1.0,0.174
792,0,Low-CGPA & Financially strained & Unsupported,holdout,2nd Year,3.50–3.79,Male,Mess,EEE,0,5.0,4.0,4.0,5.0,5.0,4.0,0.151
793,0,Low-CGPA & Financially strained & Unsupported,holdout,3rd Year,3.00–3.49,Female,Hall,ME,0,5.0,4.75,4.5,4.0,4.0,3.0,0.219
794,1,High-achieving & Future-anxious & Well-supported,train,3rd Year,3.50–3.79,Female,Mess,BME,0,4.667,4.75,5.0,4.0,3.0,4.0,0.049
795,0,Low-CGPA & Financially strained & Unsupported,train,2nd Year,3.00–3.49,Male,Other,ME,0,3.333,3.75,4.0,3.0,5.0,3.0,0.137
796,1,High-achieving & Future-anxious & Well-supported,train,4th Year,3.50–3.79,Male,Hall,EEE,0,3.667,4.75,5.0,3.0,4.0,4.0,0.115
797,1,High-achieving & Future-anxious & Well-supported,holdout,1st Year,3.50–3.79,Male,Mess,LE,0,4.333,4.5,5.0,2.5,5.0,4.0,0.084
798,1,High-achieving & Future-anxious & Well-supported,train,1st Year,3.50–3.79,Female,Hall,LE,0,4.0,4.25,3.5,2.5,2.0,4.0,0.151
799,1,High-achieving & Future-anxious & Well-supported,train,2nd Year,3.80–4.00,Male,Mess,EEE,0,4.667,4.5,4.0,2.5,4.0,5.0,0.251
800,1,High-achieving & Future-anxious & Well-supported,holdout,1st Year,3.80–4.00,Male,Mess,ECE,0,4.333,4.75,4.0,3.0,5.0,5.0,0.133
801,0,Low-CGPA & Financially strained & Unsupported,holdout,2nd Year,3.50–3.79,Female,Hall,EEE,0,5.0,5.0,5.0,4.0,4.0,4.0,0.045
802,0,Low-CGPA & Financially strained & Unsupported,holdout,1st Year,Below 2.50,Male,Family,ME,1,5.0,5.0,5.0,4.5,5.0,1.0,0.294
803,1,High-achieving & Future-anxious & Well-supported,train,1st Year,3.50–3.79,Male,Mess,EEE,0,5.0,4.0,3.5,3.5,3.0,4.0,0.085
804,1,High-achieving & Future-anxious & Well-supported,holdout,1st Year,3.80–4.00,Male,Mess,EEE,0,4.667,3.25,5.0,2.0,4.0,5.0,0.277
805,1,High-achieving & Future-anxious & Well-supported,holdout,1st Year,3.80–4.00,Male,Mess,ME,0,4.333,4.0,5.0,2.0,2.0,5.0,0.357
806,0,Low-CGPA & Financially strained & Unsupported,train,2nd Year,3.50–3.79,Male,Mess,EEE,0,5.0,4.5,5.0,4.5,5.0,4.0,0.122
807,0,Low-CGPA & Financially strained & Unsupported,train,1st Year,3.00–3.49,Male,Family,LE,0,3.333,3.75,4.0,2.5,4.0,3.0,0.005
808,2,Future-confident & Light workload & Financially secure,train,2nd Year,3.50–3.79,Male,Mess,TE,0,3.667,3.75,3.0,4.0,1.0,4.0,0.154
809,0,Low-CGPA & Financially strained & Unsupported,train,2nd Year,3.00–3.49,Male,Hall,TE,0,1.667,3.0,4.5,4.5,5.0,3.0,0.06
810,2,Future-confident & Light workload & Financially secure,holdout,2nd Year,3.80–4.00,Male,Family,EEE,0,3.667,4.5,1.0,2.5,5.0,5.0,0.042
811,1,High-achieving & Future-anxious & Well-supported,holdout,1st Year,3.50–3.79,Female,Family,LE,0,4.667,4.0,4.5,2.0,5.0,4.0,0.128
812,1,High-achieving & Future-anxious & Well-supported,train,1st Year,3.80–4.00,Female,Mess,ME,0,5.0,4.75,5.0,3.0,3.0,5.0,0.25
813,0,Low-CGPA & Financially strained & Unsupported,holdout,1st Year,3.00–3.49,Male,Mess,ME,0,4.0,4.75,5.0,3.0,4.0,3.0,0.101
814,0,Low-CGPA & Financially strained & Unsupported,train,2nd Year,2.50–2.99,Male,Mess,MTE,1,4.0,4.25,4.5,4.0,2.0,2.0,0.158
815,1,High-achieving & Future-anxious & Well-supported,train,3rd Year,3.80–4.00,Male,Mess,EEE,0,3.0,4.75,3.5,4.0,3.0,5.0,0.134
816,0,Low-CGPA & Financially strained & Unsupported,holdout,1st Year,3.00–3.49,Female,Hall,LE,0,5.0,4.25,4.5,3.0,4.0,3.0,0.101
817,0,Low-CGPA & Financially strained & Unsupported,holdout,3rd Year,3.00–3.49,Male,Hall,EEE,0,3.667,4.5,5.0,4.5,5.0,3.0,0.26
818,1,High-achieving & Future-anxious & Well-supported,holdout,2nd Year,3.00–3.49,Male,Mess,MTE,0,4.333,3.75,4.5,1.5,5.0,3.0,0.026
819,2,Future-confident & Light workload & Financially secure,holdout,2nd Year,2.50–2.99,Male,Other,MTE,0,3.0,1.75,4.5,3.0,5.0,2.0,0.011
820,1,High-achieving & Future-anxious & Well-supported,train,1st Year,3.50–3.79,Female,Mess,ME,0,4.667,3.0,4.5,3.0,5.0,4.0,0.077
821,1,High-achieving & Future-anxious & Well-supported,holdout,2nd Year,3.00–3.49,Male,Mess,MTE,0,4.0,4.25,4.5,4.0,1.0,3.0,0.043
822,0,Low-CGPA & Financially strained & Unsupported,holdout,2nd Year,3.00–3.49,Male,Mess,MTE,0,3.333,3.25,5.0,3.0,5.0,3.0,0.05
823,2,Future-confident & Light workload & Financially secure,holdout,3rd Year,3.00–3.49,Male,Mess,EEE,0,4.667,5.0,2.0,4.5,1.0,3.0,0.019
824,2,Future-confident & Light workload & Financially secure,holdout,2nd Year,3.00–3.49,Female,Mess,BECM,0,1.333,2.25,3.5,1.5,3.0,3.0,0.186
825,2,Future-confident & Light workload & Financially secure,train,3rd Year,2.50–2.99,Male,Hall,BECM,0,2.667,2.5,3.5,3.5,2.0,2.0,0.229
826,1,High-achieving & Future-anxious & Well-supported,train,2nd Year,3.00–3.49,Male,Mess,MTE,0,3.333,4.0,4.5,2.0,4.0,3.0,0.056
827,0,Low-CGPA & Financially strained & Unsupported,train,3rd Year,3.00–3.49,Male,Hall,EEE,0,4.667,4.25,4.5,5.0,4.0,3.0,0.244
828,0,Low-CGPA & Financially strained & Unsupported,holdout,3rd Year,3.50–3.79,Female,Hall,ARCH,0,3.333,4.5,3.0,3.0,4.0,4.0,-0.028
829,0,Low-CGPA & Financially strained & Unsupported,train,3rd Year,3.00–3.49,Male,Mess,BECM,0,4.667,4.25,5.0,3.0,5.0,3.0,0.142
830,0,Low-CGPA & Financially strained & Unsupported,train,2nd Year,2.50–2.99,Male,Mess,BECM,1,4.333,5.0,4.5,4.0,5.0,2.0,0.335
831,0,Low-CGPA & Financially strained & Unsupported,train,3rd Year,3.00–3.49,Male,Mess,ECE,0,4.667,4.75,4.0,5.0,5.0,3.0,0.298
832,2,Future-confident & Light workload & Financially secure,train,1st Year,3.50–3.79,Male,Other,CE,0,3.333,4.5,2.5,3.0,2.0,4.0,0.096
833,2,Future-confident & Light workload & Financially secure,holdout,1st Year,3.80–4.00,Male,Hall,CE,0,1.667,3.0,2.0,1.0,1.0,5.0,0.186
834,1,High-achieving & Future-anxious & Well-supported,holdout,4th Year,3.00–3.49,Female,Hall,BECM,0,3.0,4.5,4.5,2.5,2.0,3.0,0.124
835,0,Low-CGPA & Financially strained & Unsupported,train,2nd Year,2.50–2.99,Male,Mess,MTE,1,3.0,3.5,5.0,3.0,5.0,2.0,0.165
836,2,Future-confident & Light workload & Financially secure,train,3rd Year,3.50–3.79,Male,Mess,EEE,0,2.667,4.0,4.5,2.5,1.0,4.0,-0.1
837,2,Future-confident & Light workload & Financially secure,train,1st Year,3.00–3.49,Male,Family,ME,0,3.667,2.75,4.5,3.0,2.0,3.0,0.034
838,0,Low-CGPA & Financially strained & Unsupported,train,4th Year,2.50–2.99,Male,Family,ARCH,0,3.333,4.0,3.0,2.5,5.0,2.0,0.165
839,0,Low-CGPA & Financially strained & Unsupported,train,3rd Year,3.00–3.49,Male,Hall,CE,0,4.667,5.0,4.5,4.0,3.0,3.0,0.155
840,1,High-achieving & Future-anxious & Well-supported,holdout,3rd Year,3.80–4.00,Male,Hall,ECE,0,4.667,5.0,4.5,3.0,3.0,5.0,0.249
841,0,Low-CGPA & Financially strained & Unsupported,train,1st Year,3.00–3.49,Female,Mess,BECM,1,5.0,4.5,4.5,4.5,1.0,3.0,0.019
842,1,High-achieving & Future-anxious & Well-supported,train,1st Year,3.80–4.00,Male,Family,ECE,0,3.667,5.0,4.0,2.5,4.0,5.0,0.231
843,1,High-achieving & Future-anxious & Well-supported,train,4th Year,3.50–3.79,Male,Hall,EEE,0,3.667,4.0,4.0,3.0,4.0,4.0,0.134
844,0,Low-CGPA & Financially strained & Unsupported,train,3rd Year,3.00–3.49,Female,Hall,EEE,0,5.0,5.0,4.5,5.0,5.0,3.0,0.272
845,1,High-achieving & Future-anxious & Well-supported,train,2nd Year,3.80–4.00,Male,Mess,BECM,0,4.333,4.0,4.5,3.0,3.0,5.0,0.334
846,1,High-achieving & Future-anxious & Well-supported,train,3rd Year,3.50–3.79,Male,Hall,ARCH,0,3.667,4.75,4.0,3.0,1.0,4.0,0.187
847,2,Future-confident & Light workload & Financially secure,train,2nd Year,3.50–3.79,Male,Mess,EEE,0,4.333,3.25,2.0,4.0,5.0,4.0,0.02
848,0,Low-CGPA & Financially strained & Unsupported,holdout,2nd Year,3.00–3.49,Female,Hall,EEE,0,4.333,5.0,5.0,5.0,5.0,3.0,0.266
849,2,Future-confident & Light workload & Financially secure,train,3rd Year,3.00–3.49,Male,Mess,ME,0,3.0,2.25,3.5,4.0,2.0,3.0,0.241
850,1,High-achieving & Future-anxious & Well-supported,holdout,2nd Year,3.00–3.49,Male,Hall,BECM,0,2.667,4.25,5.0,2.0,2.0,3.0,0.159
851,1,High-achieving & Future-anxious & Well-supported,holdout,1st Year,3.80–4.00,Female,Mess,ARCH,0,4.667,5.0,4.5,3.5,5.0,5.0,0.078
852,1,High-achieving & Future-anxious & Well-supported,train,1st Year,3.50–3.79,Male,Mess,BECM,0,5.0,4.25,5.0,3.0,5.0,4.0,0.031
853,1,High-achieving & Future-anxious & Well-supported,holdout,4th Year,3.00–3.49,Female,Hall,ECE,0,2.667,4.5,4.5,2.0,1.0,3.0,0.089
854,0,Low-CGPA & Financially strained & Unsupported,train,1st Year,3.00–3.49,Male,Mess,ECE,0,5.0,4.0,3.5,3.0,3.0,3.0,0.032
855,0,Low-CGPA & Financially strained & Unsupported,holdout,2nd Year,3.00–3.49,Male,Hall,BECM,0,4.0,4.25,4.5,4.5,5.0,3.0,0.289
856,1,High-achieving & Future-anxious & Well-supported,train,2nd Year,3.50–3.79,Male,Mess,ME,0,5.0,4.75,4.5,3.0,2.0,4.0,0.192
857,1,High-achieving & Future-anxious & Well-supported,holdout,3rd Year,3.50–3.79,Male,Hall,ME,0,3.667,4.25,4.0,3.0,4.0,4.0,0.119
858,1,High-achieving & Future-anxious & Well-supported,train,2nd Year,3.50–3.79,Male,Mess,EEE,0,4.0,4.75,5.0,3.0,5.0,4.0,0.016
859,0,Low-CGPA & Financially strained & Unsupported,holdout,2nd Year,2.50–2.99,Male,Family,CE,0,4.667,5.0,4.0,3.0,5.0,2.0,0.285
860,2,Future-confident & Light workload & Financially secure,holdout,2nd Year,2.50–2.99,Male,Mess,EEE,1,1.333,2.25,4.0,1.5,4.0,2.0,0.135
861,1,High-achieving & Future-anxious & Well-supported,train,3rd Year,3.80–4.00,Male,Hall,ME,0,4.0,4.5,5.0,3.5,4.0,5.0,0.214
862,2,Future-confident & Light workload & Financially secure,train,2nd Year,3.00–3.49,Male,Family,EEE,0,4.667,2.75,3.5,3.5,3.0,3.0,0.063
863,1,High-achieving & Future-anxious & Well-supported,holdout,2nd Year,3.00–3.49,Male,Mess,ECE,0,3.0,3.5,4.0,1.5,5.0,3.0,0.032
864,0,Low-CGPA & Financially strained & Unsupported,train,1st Year,2.50–2.99,Male,Mess,EEE,1,4.667,4.75,4.0,2.5,5.0,2.0,0.244
865,1,High-achieving & Future-anxious & Well-supported,train,1st Year,3.80–4.00,Male,Mess,EEE,0,4.667,3.25,5.0,2.0,2.0,5.0,0.276
866,1,High-achieving & Future-anxious & Well-supported,train,1st Year,3.50–3.79,Male,Mess,ARCH,0,4.333,5.0,4.5,3.0,4.0,4.0,0.066
867,0,Low-CGPA & Financially strained & Unsupported,holdout,3rd Year,3.50–3.79,Male,Hall,CE,0,4.333,4.75,4.5,3.0,5.0,4.0,0.007
868,0,Low-CGPA & Financially strained & Unsupported,train,2nd Year,3.00–3.49,Male,Mess,ME,0,3.667,4.0,5.0,4.0,5.0,3.0,0.211
869,1,High-achieving & Future-anxious & Well-supported,train,2nd Year,3.00–3.49,Female,Mess,ECE,0,3.0,4.0,4.0,1.0,4.0,3.0,0.097
870,2,Future-confident & Light workload & Financially secure,holdout,3rd Year,2.50–2.99,Male,Hall,EEE,0,5.0,3.75,3.0,4.5,1.0,2.0,0.012
871,1,High-achieving & Future-anxious & Well-supported,train,1st Year,3.80–4.00,Female,Hall,MSE,0,3.667,4.5,4.0,4.5,2.0,5.0,0.168
872,0,Low-CGPA & Financially strained & Unsupported,train,1st Year,Below 2.50,Male,Other,MSE,0,4.333,3.5,3.5,3.0,4.0,1.0,0.183
873,0,Low-CGPA & Financially strained & Unsupported,train,1st Year,Below 2.50,Male,Mess,MSE,0,4.667,3.5,4.5,3.5,4.0,1.0,0.239
874,2,Future-confident & Light workload & Financially secure,train,1st Year,3.00–3.49,Male,Mess,MSE,0,4.333,3.25,4.0,3.0,1.0,3.0,0.038
875,1,High-achieving & Future-anxious & Well-supported,train,1st Year,3.80–4.00,Male,Mess,ECE,0,5.0,4.75,5.0,2.5,5.0,5.0,0.165
876,0,Low-CGPA & Financially strained & Unsupported,train,1st Year,2.50–2.99,Male,Mess,MSE,0,4.333,4.25,4.5,2.0,4.0,2.0,0.127
877,1,High-achieving & Future-anxious & Well-supported,train,1st Year,3.80–4.00,Male,Mess,MSE,0,3.667,3.75,4.5,3.5,5.0,5.0,0.16
878,1,High-achieving & Future-anxious & Well-supported,train,4th Year,3.80–4.00,Male,Other,CE,0,3.667,4.75,3.0,3.0,3.0,5.0,0.165
879,2,Future-confident & Light workload & Financially secure,train,1st Year,3.00–3.49,Male,Mess,MTE,0,4.667,3.25,3.5,4.0,3.0,3.0,-0.052
880,2,Future-confident & Light workload & Financially secure,train,1st Year,3.80–4.00,Female,Other,MSE,0,4.0,2.5,2.5,3.0,2.0,5.0,0.163
881,1,High-achieving & Future-anxious & Well-supported,holdout,1st Year,3.80–4.00,Male,Mess,MSE,0,3.333,4.0,3.5,2.5,3.0,5.0,0.176
882,0,Low-CGPA & Financially strained & Unsupported,train,2nd Year,3.50–3.79,Male,Mess,EEE,0,4.0,5.0,3.0,5.0,5.0,4.0,0.185
883,2,Future-confident & Light workload & Financially secure,holdout,1st Year,3.80–4.00,Female,Mess,MSE,0,2.667,3.75,3.5,3.0,3.0,5.0,-0.047
884,0,Low-CGPA & Financially strained & Unsupported,holdout,1st Year,Below 2.50,Male,Mess,MSE,0,5.0,4.25,5.0,3.0,5.0,1.0,0.25
885,0,Low-CGPA & Financially strained & Unsupported,holdout,1st Year,2.50–2.99,Male,Mess,MSE,0,3.0,4.0,4.0,3.0,4.0,2.0,0.206
886,1,High-achieving & Future-anxious & Well-supported,train,1st Year,3.80–4.00,Female,Family,ECE,0,5.0,5.0,5.0,4.0,3.0,5.0,0.145
887,1,High-achieving & Future-anxious & Well-supported,train,1st Year,3.80–4.00,Male,Mess,EEE,0,4.0,3.75,4.5,4.0,4.0,5.0,0.179
888,1,High-achieving & Future-anxious & Well-supported,train,1st Year,3.50–3.79,Male,Mess,ECE,0,4.0,4.25,4.5,3.0,3.0,4.0,0.235
889,1,High-achieving & Future-anxious & Well-supported,train,1st Year,3.80–4.00,Female,Mess,EEE,0,3.667,4.25,4.5,3.0,3.0,5.0,0.339
890,1,High-achieving & Future-anxious & Well-supported,train,1st Year,3.80–4.00,Female,Mess,MSE,0,3.667,4.25,4.0,2.0,3.0,5.0,0.322
891,2,Future-confident & Light workload & Financially secure,train,1st Year,3.50–3.79,Male,Other,MSE,0,1.0,3.0,1.0,3.5,2.0,4.0,0.257
892,0,Low-CGPA & Financially strained & Unsupported,train,2nd Year,3.50–3.79,Male,Mess,EEE,0,4.667,4.75,4.5,3.5,5.0,4.0,0.075
893,0,Low-CGPA & Financially strained & Unsupported,train,2nd Year,2.50–2.99,Male,Other,EEE,0,4.333,4.0,2.5,4.5,3.0,2.0,0.086
894,2,Future-confident & Light workload & Financially secure,train,3rd Year,3.50–3.79,Male,Hall,ME,0,2.667,3.75,4.5,3.5,1.0,4.0,-0.031
895,1,High-achieving & Future-anxious & Well-supported,train,1st Year,3.80–4.00,Male,Mess,CE,0,3.333,3.0,5.0,1.0,4.0,5.0,0.217
896,0,Low-CGPA & Financially strained & Unsupported,train,3rd Year,3.00–3.49,Female,Hall,ARCH,0,4.333,4.75,3.0,5.0,5.0,3.0,0.273
897,0,Low-CGPA & Financially strained & Unsupported,holdout,4th Year,3.50–3.79,Female,Hall,CSE,0,4.333,4.25,3.5,3.5,4.0,4.0,-0.003
898,1,High-achieving & Future-anxious & Well-supported,train,2nd Year,3.00–3.49,Female,Mess,ARCH,0,4.667,4.5,4.0,3.0,2.0,3.0,0.042
899,2,Future-confident & Light workload & Financially secure,holdout,1st Year,3.00–3.49,Male,Mess,BECM,0,3.333,3.75,3.5,2.0,3.0,3.0,0.018
900,2,Future-confident & Light workload & Financially secure,train,4th Year,3.00–3.49,Male,Hall,EEE,0,2.667,4.25,2.5,3.5,3.0,3.0,0.114
901,1,High-achieving & Future-anxious & Well-supported,train,4th Year,3.50–3.79,Male,Hall,ME,0,3.0,4.25,4.0,3.0,3.0,4.0,0.19
902,1,High-achieving & Future-anxious & Well-supported,holdout,2nd Year,3.50–3.79,Male,Family,ME,0,4.667,3.75,4.5,3.0,1.0,4.0,0.21
903,0,Low-CGPA & Financially strained & Unsupported,holdout,1st Year,2.50–2.99,Male,Mess,CE,1,4.667,3.25,3.0,2.5,5.0,2.0,0.13
904,1,High-achieving & Future-anxious & Well-supported,holdout,4th Year,3.80–4.00,Female,Hall,CE,0,3.0,4.5,3.0,3.5,4.0,5.0,0.107
905,1,High-achieving & Future-anxious & Well-supported,holdout,2nd Year,3.00–3.49,Female,Mess,ME,0,4.667,3.75,5.0,2.0,1.0,3.0,0.185
906,1,High-achieving & Future-anxious & Well-supported,train,1st Year,3.50–3.79,Male,Other,ARCH,0,3.667,3.75,4.5,3.0,4.0,4.0,0.168
907,2,Future-confident & Light workload & Financially secure,train,4th Year,3.50–3.79,Male,Hall,ECE,0,1.667,4.25,3.0,2.0,4.0,4.0,0.044
908,1,High-achieving & Future-anxious & Well-supported,train,1st Year,3.80–4.00,Male,Mess,LE,0,3.667,3.75,4.0,2.0,3.0,5.0,0.263
909,1,High-achieving & Future-anxious & Well-supported,train,3rd Year,3.00–3.49,Male,Hall,ARCH,0,4.333,4.25,5.0,4.5,1.0,3.0,0.007
910,0,Low-CGPA & Financially strained & Unsupported,train,2nd Year,3.00–3.49,Male,Mess,ME,1,5.0,5.0,4.0,3.5,4.0,3.0,0.197
911,0,Low-CGPA & Financially strained & Unsupported,holdout,4th Year,3.50–3.79,Male,Hall,ME,0,2.333,4.75,5.0,5.0,5.0,4.0,0.115
912,1,High-achieving & Future-anxious & Well-supported,train,4th Year,3.50–3.79,Male,Hall,BECM,0,2.333,5.0,4.5,3.0,3.0,4.0,0.128
913,2,Future-confident & Light workload & Financially secure,train,2nd Year,3.00–3.49,Male,Mess,CE,0,4.0,3.25,4.0,2.0,3.0,3.0,-0.068
914,0,Low-CGPA & Financially strained & Unsupported,train,4th Year,3.00–3.49,Male,Hall,CE,0,3.0,3.25,4.0,3.0,5.0,3.0,0.083
915,1,High-achieving & Future-anxious & Well-supported,train,1st Year,3.50–3.79,Male,Hall,BECM,0,2.667,3.5,5.0,1.5,2.0,4.0,0.15
916,1,High-achieving & Future-anxious & Well-supported,train,4th Year,3.00–3.49,Male,Hall,CE,0,3.667,4.0,5.0,3.0,1.0,3.0,0.151
917,2,Future-confident & Light workload & Financially secure,holdout,1st Year,3.80–4.00,Male,Family,ME,0,2.667,2.25,5.0,1.0,2.0,5.0,-0.051
918,2,Future-confident & Light workload & Financially secure,train,4th Year,3.00–3.49,Male,Hall,BECM,0,3.333,2.75,3.5,2.5,4.0,3.0,0.108
919,0,Low-CGPA & Financially strained & Unsupported,train,2nd Year,3.50–3.79,Male,Mess,CE,0,3.667,4.5,3.5,5.0,5.0,4.0,0.188
920,0,Low-CGPA & Financially strained & Unsupported,holdout,4th Year,3.50–3.79,Male,Hall,EEE,0,2.667,5.0,3.5,4.0,3.0,4.0,0.004
921,0,Low-CGPA & Financially strained & Unsupported,holdout,3rd Year,3.50–3.79,Male,Hall,ARCH,0,5.0,5.0,4.5,4.5,5.0,4.0,0.157
922,1,High-achieving & Future-anxious & Well-supported,train,1st Year,3.80–4.00,Male,Mess,CE,0,4.667,4.75,3.0,3.5,3.0,5.0,0.136
923,0,Low-CGPA & Financially strained & Unsupported,train,3rd Year,3.50–3.79,Male,Hall,CE,0,3.667,4.75,3.5,4.0,5.0,4.0,0.147
924,0,Low-CGPA & Financially strained & Unsupported,train,3rd Year,3.00–3.49,Male,Hall,CE,0,3.333,5.0,5.0,3.0,4.0,3.0,0.093
925,0,Low-CGPA & Financially strained & Unsupported,train,4th Year,3.00–3.49,Male,Hall,BECM,0,2.667,4.75,3.5,4.5,4.0,3.0,0.219
926,2,Future-confident & Light workload & Financially secure,train,1st Year,3.80–4.00,Male,Mess,EEE,0,2.333,3.75,3.5,2.0,2.0,5.0,0.014
927,1,High-achieving & Future-anxious & Well-supported,train,1st Year,3.50–3.79,Male,Mess,ARCH,0,4.0,4.75,4.5,2.0,1.0,4.0,0.272
928,1,High-achieving & Future-anxious & Well-supported,holdout,1st Year,3.50–3.79,Male,Family,ME,0,4.667,4.25,4.5,3.5,4.0,4.0,0.051
929,2,Future-confident & Light workload & Financially secure,train,4th Year,3.00–3.49,Female,Hall,ECE,0,3.0,3.5,3.5,4.0,4.0,3.0,-0.061
930,2,Future-confident & Light workload & Financially secure,holdout,2nd Year,3.80–4.00,Female,Mess,EEE,0,2.667,3.0,1.5,4.0,4.0,5.0,0.185
931,0,Low-CGPA & Financially strained & Unsupported,train,1st Year,2.50–2.99,Male,Other,EEE,1,4.333,4.75,3.5,2.5,2.0,2.0,0.083
932,1,High-achieving & Future-anxious & Well-supported,holdout,4th Year,3.50–3.79,Female,Hall,ARCH,0,2.333,5.0,3.5,3.0,4.0,4.0,0.025
933,1,High-achieving & Future-anxious & Well-supported,train,3rd Year,3.80–4.00,Male,Mess,EEE,0,3.667,4.5,4.0,3.0,3.0,5.0,0.305
934,0,Low-CGPA & Financially strained & Unsupported,holdout,4th Year,3.50–3.79,Male,Hall,EEE,0,3.333,4.75,3.0,4.0,4.0,4.0,0.086
935,0,Low-CGPA & Financially strained & Unsupported,train,2nd Year,3.00–3.49,Male,Mess,CE,0,4.667,5.0,5.0,2.0,5.0,3.0,0.06
936,0,Low-CGPA & Financially strained & Unsupported,holdout,2nd Year,2.50–2.99,Male,Mess,ARCH,1,3.333,3.75,5.0,3.0,4.0,2.0,0.157
937,0,Low-CGPA & Financially strained & Unsupported,train,3rd Year,3.00–3.49,Male,Mess,BECM,0,3.667,3.75,4.5,2.0,5.0,3.0,0.006
938,0,Low-CGPA & Financially strained & Unsupported,holdout,4th Year,3.00–3.49,Male,Hall,CE,0,3.0,4.25,4.0,3.0,3.0,3.0,0.007
939,0,Low-CGPA & Financially strained & Unsupported,train,3rd Year,3.00–3.49,Male,Hall,ME,0,3.0,4.0,4.5,5.0,5.0,3.0,0.243
940,1,High-achieving & Future-anxious & Well-supported,holdout,1st Year,3.80–4.00,Female,Mess,MSE,0,4.0,4.0,4.0,2.0,4.0,5.0,0.306
941,0,Low-CGPA & Financially strained & Unsupported,train,4th Year,Below 2.50,Male,Hall,ARCH,0,3.667,4.75,3.5,4.5,3.0,1.0,0.251
942,0,Low-CGPA & Financially strained & Unsupported,train,2nd Year,3.00–3.49,Male,Mess,CE,0,4.333,5.0,3.5,4.5,4.0,3.0,0.265
943,0,Low-CGPA & Financially strained & Unsupported,train,1st Year,Below 2.50,Male,Mess,EEE,0,4.333,5.0,5.0,3.5,4.0,1.0,0.273
944,1,High-achieving & Future-anxious & Well-supported,holdout,3rd Year,3.50–3.79,Male,Hall,ARCH,0,4.0,4.25,4.5,4.5,3.0,4.0,0.01
945,1,High-achieving & Future-anxious & Well-supported,holdout,1st Year,3.50–3.79,Female,Mess,EEE,0,4.667,3.25,4.0,1.5,4.0,4.0,0.199
946,1,High-achieving & Future-anxious & Well-supported,train,3rd Year,3.50–3.79,Male,Hall,EEE,0,2.333,3.0,5.0,2.5,4.0,4.0,0.119
947,0,Low-CGPA & Financially strained & Unsupported,train,3rd Year,3.50–3.79,Male,Hall,ME,0,4.0,4.75,2.5,3.5,5.0,4.0,0.102
948,0,Low-CGPA & Financially strained & Unsupported,train,4th Year,3.00–3.49,Male,Hall,BECM,0,3.667,4.75,2.5,5.0,4.0,3.0,0.185
949,2,Future-confident & Light workload & Financially secure,train,1st Year,3.00–3.49,Female,Mess,LE,0,3.0,3.0,4.5,4.0,1.0,3.0,0.108
950,0,Low-CGPA & Financially strained & Unsupported,train,4th Year,3.50–3.79,Female,Hall,ARCH,0,4.667,5.0,5.0,4.0,5.0,4.0,0.108
951,0,Low-CGPA & Financially strained & Unsupported,holdout,2nd Year,2.50–2.99,Male,Mess,BECM,1,3.667,4.0,4.0,5.0,5.0,2.0,0.323
952,1,High-achieving & Future-anxious & Well-supported,train,4th Year,3.80–4.00,Male,Family,CE,0,3.0,4.75,5.0,2.0,5.0,5.0,0.205
953,0,Low-CGPA & Financially strained & Unsupported,train,1st Year,3.00–3.49,Male,Mess,CE,0,5.0,4.75,3.5,4.0,5.0,3.0,0.263
954,2,Future-confident & Light workload & Financially secure,train,1st Year,3.50–3.79,Male,Mess,CE,0,2.0,4.75,3.5,1.0,2.0,4.0,-0.04
955,2,Future-confident & Light workload & Financially secure,train,1st Year,3.80–4.00,Female,Mess,EEE,0,2.333,3.75,4.0,1.0,1.0,5.0,-0.037
956,2,Future-confident & Light workload & Financially secure,train,1st Year,3.50–3.79,Male,Other,LE,0,4.0,4.0,3.0,1.5,1.0,4.0,0.023
957,0,Low-CGPA & Financially strained & Unsupported,holdout,2nd Year,3.00–3.49,Male,Mess,ME,0,3.667,4.25,4.0,2.5,4.0,3.0,0.049
958,2,Future-confident & Light workload & Financially secure,train,1st Year,3.50–3.79,Male,Mess,ME,0,4.333,3.5,3.5,2.5,1.0,4.0,0.007
959,0,Low-CGPA & Financially strained & Unsupported,train,1st Year,3.50–3.79,Male,Mess,ECE,0,5.0,5.0,4.5,4.0,4.0,4.0,0.067
960,0,Low-CGPA & Financially strained & Unsupported,holdout,4th Year,3.50–3.79,Male,Hall,BECM,0,4.333,5.0,4.5,5.0,5.0,4.0,0.186
961,0,Low-CGPA & Financially strained & Unsupported,holdout,2nd Year,3.50–3.79,Female,Mess,EEE,0,4.0,5.0,3.5,5.0,3.0,4.0,0.101
962,1,High-achieving & Future-anxious & Well-supported,holdout,4th Year,3.50–3.79,Male,Hall,ECE,0,2.667,3.25,4.5,2.0,5.0,4.0,0.14
963,0,Low-CGPA & Financially strained & Unsupported,train,4th Year,3.00–3.49,Male,Hall,ME,0,3.333,5.0,4.5,3.5,5.0,3.0,0.229
964,0,Low-CGPA & Financially strained & Unsupported,train,4th Year,3.50–3.79,Female,Hall,ARCH,0,3.667,5.0,3.0,4.0,4.0,4.0,0.098
965,1,High-achieving & Future-anxious & Well-supported,holdout,4th Year,3.80–4.00,Female,Other,ECE,0,5.0,4.25,5.0,2.5,2.0,5.0,0.316
966,0,Low-CGPA & Financially strained & Unsupported,train,4th Year,3.00–3.49,Male,Mess,ME,0,1.667,4.0,4.5,3.5,5.0,3.0,0.106
967,1,High-achieving & Future-anxious & Well-supported,train,1st Year,3.80–4.00,Male,Mess,EEE,0,5.0,3.0,4.5,3.5,3.0,5.0,0.226
968,0,Low-CGPA & Financially strained & Unsupported,train,4th Year,3.00–3.49,Male,Hall,CE,0,3.333,4.25,4.5,2.5,4.0,3.0,0.016
969,0,Low-CGPA & Financially strained & Unsupported,train,4th Year,3.00–3.49,Male,Hall,ECE,0,2.0,4.0,4.5,5.0,5.0,3.0,0.186
970,1,High-achieving & Future-anxious & Well-supported,train,1st Year,3.50–3.79,Male,Mess,ME,0,5.0,5.0,4.0,3.0,3.0,4.0,0.101
971,2,Future-confident & Light workload & Financially secure,holdout,1st Year,3.80–4.00,Female,Other,MSE,0,3.333,3.25,3.0,2.0,1.0,5.0,0.113
972,1,High-achieving & Future-anxious & Well-supported,holdout,1st Year,3.80–4.00,Male,Mess,ME,0,3.333,3.5,4.0,2.0,4.0,5.0,0.225
973,1,High-achieving & Future-anxious & Well-supported,holdout,2nd Year,3.50–3.79,Male,Mess,EEE,0,4.0,4.75,4.0,3.5,3.0,4.0,0.097
974,0,Low-CGPA & Financially strained & Unsupported,train,3rd Year,2.50–2.99,Male,Hall,BME,0,5.0,4.25,5.0,3.0,5.0,2.0,0.227
975,1,High-achieving & Future-anxious & Well-supported,train,1st Year,3.50–3.79,Male,Other,MSE,0,4.0,2.75,5.0,3.0,5.0,4.0,0.096
976,0,Low-CGPA & Financially strained & Unsupported,holdout,1st Year,3.00–3.49,Male,Mess,MSE,0,4.333,4.25,5.0,2.5,4.0,3.0,0.008
977,1,High-achieving & Future-anxious & Well-supported,holdout,4th Year,3.00–3.49,Male,Hall,CSE,0,3.333,3.5,5.0,3.5,3.0,3.0,0.016
978,1,High-achieving & Future-anxious & Well-supported,holdout,3rd Year,3.50–3.79,Female,Family,EEE,0,4.333,3.75,4.5,3.0,4.0,4.0,0.158
979,1,High-achieving & Future-anxious & Well-supported,holdout,1st Year,3.80–4.00,Male,Mess,MSE,0,4.0,5.0,5.0,3.0,5.0,5.0,0.144
980,2,Future-confident & Light workload & Financially secure,train,1st Year,2.50–2.99,Female,Hall,CHE,0,1.0,3.25,3.0,3.0,3.0,2.0,0.191
981,1,High-achieving & Future-anxious & Well-supported,train,1st Year,3.50–3.79,Female,Hall,ECE,0,2.667,3.5,4.5,2.0,5.0,4.0,0.141
982,2,Future-confident & Light workload & Financially secure,train,2nd Year,3.50–3.79,Male,Mess,EEE,0,3.333,3.5,3.5,3.0,3.0,4.0,0.012
983,2,Future-confident & Light workload & Financially secure,train,2nd Year,3.00–3.49,Male,Mess,EEE,0,2.667,4.0,4.0,2.0,2.0,3.0,0.001
984,1,High-achieving & Future-anxious & Well-supported,holdout,2nd Year,3.50–3.79,Male,Mess,CSE,0,3.0,4.25,5.0,2.0,3.0,4.0,0.267
985,1,High-achieving & Future-anxious & Well-supported,holdout,4th Year,3.00–3.49,Male,Hall,CSE,0,1.0,3.5,5.0,1.5,5.0,3.0,0.044
986,2,Future-confident & Light workload & Financially secure,train,1st Year,3.00–3.49,Male,Mess,TE,0,1.667,2.75,5.0,3.0,5.0,3.0,-0.02
